Название;Цена;Описание;Ссылка на самолетик;Ссылка на картинку
Радиоуправляемый самолет бомбардировщик B2 Fei Xiong FX632 2.4G - FX632;1890 ₽;Двухканальный самолет типа ''летающее крыло'' выпускается в различных вариантах окраски, оснащен двумя мощными электродвигателями с толкающими пропеллерами и способен летать как внутри просторных помещений, так и на улице в безветренную погоду.;https://copterdrone.ru/catalog/rc_planes/fei-xiong/radioupravlyaemyj-samolet-bombardirovshchik-b2-fei-xiong-fx632-2-4g---fx632/;https://copterdrone.ru/uploads/products/37622.0x600.jpg
Радиоуправляемый самолет Fei Xiong Истребитель F22 (EPP) 2.4G - FX622;1990 ₽;Радиоуправляемый самолет Fei Xiong Истребитель F22 (EPP) 2.4G - FX622- это двухканальный радиоуправляемый истребитель F22 ''Fighter'' очень прост в управлении. Встроенная система стабилизации с 3-осевым гироскопом во время полета удерживает самолет в одной плоскости, что гарантирует устойчивость в полете. Набор высоты и снижение осуществляется при помощи изменения оборотов двигателей, а виражи выполняются при помощи изменения тяги одного из моторов. Если пилот не справляется с управлением, достаточно просто отпустить рычаги управления, и полет самолета автоматически выровняется. Такая модель идеально подходит для начинающих пилотов и любителей миниатюрной авиации.;https://copterdrone.ru/catalog/rc_planes/fei-xiong/radioupravlyaemyj-samolet-fei-xiong-istrebitely-f22--epp--2-4g---fx622/;https://copterdrone.ru/uploads/products/37471.0x600.jpg
Радиоуправляемый самолет SU-35 для начинающих 2.4G - FX820 - YELLOW;2290 ₽;Радиоуправляемый самолет SU-35 для начинающих 2.4G - FX820-YELLOW - это двухканальный радиоуправляемый истребитель СУ-35, который очень прост в управлении. Встроенная система стабилизации с 3-осевым гироскопом во время полета удерживает самолет в одной плоскости, что гарантирует устойчивость в полете. Набор высоты и снижение осуществляется при помощи изменения оборотов двигателей, а виражи выполняются при помощи изменения тяги одного из моторов. Если пилот не справляется с управлением, достаточно просто отпустить рычаги управления, и полет самолета автоматически выровняется. Такая модель идеально подходит для начинающих пилотов и любителей миниатюрной авиации.;https://copterdrone.ru/catalog/rc_planes/fei-xiong/radioupravlyaemyj-samolet-su-35-dlya-nachinayushchih-2-4g---fx820-yellow/;https://copterdrone.ru/uploads/products/33894.0x600.jpeg
Радиоуправляемый самолет-крыло для дома и начинающих пилотов 2.4G - FX603-BLUE;2290 ₽;Радиоуправляемый самолет-крыло для дома и начинающих пилотов 2.4G - FX603-BLUE - это самолет, который оснащен 3-осевой системой гироскопа, поэтому даже новички смогут насладиться стабильностью полета. Подходит для игры дома и на улице.;https://copterdrone.ru/catalog/rc_planes/fei-xiong/radioupravlyaemyj-samolet-krylo-dlya-doma-i-nachinayushchih-pilotov-2-4g---fx603-blue/;https://copterdrone.ru/uploads/products/33970.0x600.jpg
Радиоуправляемый самолет F-18 Hornet Fighter LiPo EPP - FX828;2390 ₽;Радиоуправляемый самолет F-18 Hornet Fighter - FX828 - это самолет на пульте управления для начинающих пилотов, корпус которого изготовлен из материала EPP, прочный и легкий. Кроме того, это хороший подарок для ваших детей, он хорош как для развития интереса, так и для развития интеллекта. Классный внешний вид, разработан по образцу истребителя F-18. Самолет идеально подходит для новичков! Самолет Flybear FX828 поставляется в комплектации RTF нужны будут только батарейки для пульта управления.;https://copterdrone.ru/catalog/rc_planes/fei-xiong/radioupravlyaemyy-samolet-f-18-hornet-fighter-lipo-epp-fx828/;https://copterdrone.ru/copter/res/image/uploads/store/product/1ecd12f38970f8fe9e58e92d8c40b944.jpg
Радиоуправляемый самолет SU-35 для начинающих 2.4G - FX820-CAMOUFLAGE;2490 ₽;Двухканальный радиоуправляемый истребитель СУ-35 со встроенной системой стабилизации с 3-осевым гироскопом во время полета удерживает самолет в одной плоскости, что гарантирует устойчивость в полете. Дальность полета до 150 м. Время полета до 15 минут.;https://copterdrone.ru/catalog/rc_planes/fei-xiong/radioupravlyaemyj-samolet-su-35-dlya-nachinayushchih-2-4g---fx820-camouflage/;https://copterdrone.ru/uploads/products/37641.0x600.jpg
Радиоуправляемый самолет SU-35 для начинающих 2.4G - FX820-CAMOUFLAGE;2490 ₽;Двухканальный радиоуправляемый истребитель СУ-35 со встроенной системой стабилизации с 3-осевым гироскопом во время полета удерживает самолет в одной плоскости, что гарантирует устойчивость в полете. Дальность полета до 150 м. Время полета до 15 минут.;https://copterdrone.ru/catalog/rc_planes/fei-xiong/radioupravlyaemyj-samolet-su-35-dlya-nachinayushchih-2-4g---fx820-camouflage/;https://copterdrone.ru/uploads/products/37641.0x600.jpg
Радиоуправляемый самолет Volantex RC Trainstar Micro 2.4G 2ch RTF - EXA78103R;2590 ₽;Радиоуправляемый самолёт с размахом крыла всего 20 см! Подойдет для полётов по дому. Материал из которого сделан самолёт - EPP, легкий, но при этом прочный. Каналов управления - 2.;https://copterdrone.ru/catalog/rc_planes/volantex/radioupravlyaemyy-samolet-volantex-rc-trainstar-micro-24g-2ch-rtf-exa78103r/;https://copterdrone.ru/copter/res/image/uploads/store/product/c398591e567d8e6c4d8449d66175faa2.jpg
Радиоуправляемый самолет FX818 Pterosaur Blue 2.4G - FX818-BLUE;2590 ₽;Радиоуправляемый самолёт, который способен летать до 25 минут, благодаря ёмкому LiPo аккумулятору. Вес самолёта составляет 49 грамм, а крылья сделаны из прочного и гибкого материала. Дальность управления - 120 метров.;https://copterdrone.ru/catalog/rc_planes/fei-xiong/radioupravlyaemyy-samolet-fx818-pterosaur-blue-24g-fx818-blue/;https://copterdrone.ru/copter/res/image/uploads/store/product/47f9a9233b6e4d15e6705449530c1606.jpg
Радиоуправляемый самолет F22 Fighter EPP 2.4G - FX822;2590 ₽;"Радиоуправляемый военный истребитель. Размах крыла - 29 см, а длина фюзеляжа - 38 см. Установлены мощные коллекторные двигатели. Есть возможность выполнения трюков, путем изменения тяги на один из моторов. Время игры 15-20 минут.&nbsp;";https://copterdrone.ru/catalog/rc_planes/fei-xiong/radioupravlyaemyy-samolet-f22-fighter-epp-24g-fx822/;https://copterdrone.ru/copter/res/image/uploads/store/product/15b87f03ac7f7bbf6df286eda934f24f.jpg
Радиоуправляемый самолет для начинающих F16 FIGHTER 2.4G - FX823;2590 ₽;Радиоуправляемый самолет для начинающих F16 FIGHTER 2.4G - FX823 - это качественный двухканальный самолет для начинающих. Человек всегда мечтал покорять небеса, парить, словно птица. Теперь эта возможность доступна не только профессиональным летчикам, но и обычным людям. Данная модель самолета погрузит своего владельца в увлекательный мир 3D пилотирования. Благодаря упрощенной системе управления игрушка идеальна для начинающих.;https://copterdrone.ru/catalog/rc_planes/fei-xiong/radioupravlyaemyj-samolet-dlya-nachinayushchih-f16-fighter-2-4g---fx823/;https://copterdrone.ru/uploads/products/33988.0x600.jpeg
Радиоуправляемый самолет планер White Pterosaur - FX818;2590 ₽;Радиоуправляемый самолет планер White Pterosaur - FX818 - это планер с пультом управления для начинающих. Самолет сконструирован таким образом, чтобы максимально облегчить управление для новичков. Гибкие крылья отлично обтекаются воздухом и адаптируются к условиям полета, позволяя планеру уверенно держаться в небе.;https://copterdrone.ru/catalog/rc_planes/fei-xiong/radioupravlyaemyy-samolet-planer-white-pterosaur-fx818/;https://copterdrone.ru/uploads/products/31691.0x600.jpeg
Радиоуправляемый самолет Fei Xiong F35 (EPP) 2.4G - FX835;2590 ₽;Радиоуправляемый истребитель со встроенная система стабилизации с 3-осевым гироскопом удерживает самолет в одной плоскости, что гарантирует устойчивость в полете. Дальность полета 120 метров. Время полета 10 минут.;https://copterdrone.ru/catalog/rc_planes/fei-xiong/radioupravlyaemyj-samolet-fei-xiong-f35--epp--2-4g---fx835/;https://copterdrone.ru/uploads/products/37645.0x600.jpg
Радиоуправляемый самолет Fei Xiong J-20 RTF 2.4G - FX830-BLACK;2590 ₽;Радиоуправляемый самолёт подойдет как начинающим , так и профессиональным пилотам! Время полета до 15 минут. Дальность полета 150 метров.;https://copterdrone.ru/catalog/rc_planes/fei-xiong/radioupravlyaemyj-samolet-fei-xiong-j-20-rtf-2-4g---fx830-black/;https://copterdrone.ru/uploads/products/37650.0x600.jpg
Радиоуправляемый самолет Fei Xiong J-20 RTF 2.4G - FX830-GREY;2590 ₽;Радиоуправляемый самолёт подойдет как начинающим , так и профессиональным пилотам! Время полета до 15 минут. Дальность полета 100 метров.;https://copterdrone.ru/catalog/rc_planes/fei-xiong/radioupravlyaemyj-samolet-fei-xiong-j-20-rtf-2-4g---fx830-grey/;https://copterdrone.ru/uploads/products/37659.0x600.jpg
Радиоуправляемый самолет FX803 Piper J-3 RTF 2.4G - FX803;2990 ₽;Радиоуправляемый самолет с размахом крыла - 38 см. Модель выполнена из прочного и лёгкого материла EPP. Длительность игры может достигать 20 минут. Расстояние управления - 120 метров. Цвет - белый.;https://copterdrone.ru/catalog/rc_planes/fei-xiong/radioupravlyaemyy-samolet-fx803-piper-j-3-rtf-24g-fx803/;https://copterdrone.ru/copter/res/image/uploads/store/product/bc133705fca34a305416f5565402f926.jpg
Радиоуправляемый гидро-планер Sea-Land-Air 3 в 1 RTF 2.4 G - FX815;2990 ₽;Радиоуправляемый гидроплан с бесколлекторными двигателями. Модель способна взлетать как с водной поверхности так и с земной. Радиус действия пульта - 100 метров, а каналов управления - 2. Время игры достиагет 10 минут;https://copterdrone.ru/catalog/rc_planes/fei-xiong/radioupravlyaemyy-gidro-planer-sea-land-air-3-v-1-rtf-24-g-fx815/;https://copterdrone.ru/copter/res/image/uploads/store/product/9d7c0285cde26059df6c4bb7a0eff47e.jpg
Радиоуправляемый самолет Fei Xiong SU-35 2.4G - FX620-RED;2990 ₽;Радиоуправляемая модель - копия популярного самолета SU-35, оснащенная светодиодной подсветкой. До 10 минут полета без подзарядки. Радиус действия достигает 100 метров. Цвет розовый.;https://copterdrone.ru/catalog/rc_planes/fei-xiong/radioupravlyaemyy-samolet-fei-xiong-su-35-24g-fx620-red/;https://copterdrone.ru/copter/res/image/uploads/store/product/00d4164a1c8f8c40832ef5f63b226e47.jpg
Радиоуправляемый самолет Fei Xiong SU-35 2.4G - FX620-YELLOW;2990 ₽;Радиоуправляемая модель - копия популярного самолета SU-35, оснащенная светодиодной подсветкой. До 10 минут полета без подзарядки. Радиус действия достигает 100 метров. Цвет желтый.;https://copterdrone.ru/catalog/rc_planes/fei-xiong/radioupravlyaemyy-samolet-fei-xiong-su-35-24g-fx620-yellow/;https://copterdrone.ru/copter/res/image/uploads/store/product/708aa636532920cf3a84f6b7bb7eaefd.jpg
Радиоуправляемый самолет XK F-16B LiPo EPP - XK-A200;3010 ₽;Радиоуправляемый самолёт для начинающих пилотов. Установлен гироскоп, благодаря которому полёт будет стабилизирован. Два канала. Дальность управления 100-150 метров. Время полёта - 13 минут.;https://copterdrone.ru/catalog/rc_planes/xk-innovation-fly/radioupravlyaemyy-samolet-xk-f-16b-lipo-epp-xk-a200/;https://copterdrone.ru/copter/res/image/uploads/store/product/6bec892d98de81346ed27ede297cd70c.jpg
Радиоуправляемый самолет B17 Air fortress EPP 2.4G - FX817-Green;3240 ₽;Радиоуправляемая модель бомбардировщика В-17 с четырьмя винтами. Дальность полета - до 120 метров. Время полета - до 15 минут. Аккумулятор с ёмкостью 300 мАч и напряжением 3.7В.;https://copterdrone.ru/catalog/rc_planes/fei-xiong/radioupravlyaemyy-samolet-b17-air-fortress-epp-24g-fx817-green/;https://copterdrone.ru/copter/res/image/uploads/store/product/a47ef64ced4e8b065f67f0b1adce404c.jpg
Радиоуправляемый самолет F35 Fighter 2.4G - FX635;3290 ₽;Радиоуправляемый американский военный истребитель. Коллекторный мотор - 2 штуки. Установлен 3 осевой гироскоп, который поможет в управлении начинающим пользователям. Размах крыла - 250 мм. Дальность полета - 120 метров.;https://copterdrone.ru/catalog/rc_planes/fei-xiong/radioupravlyaemyy-samolet-f35-fighter-24g-fx635/;https://copterdrone.ru/copter/res/image/uploads/store/product/68839bab8eed62e7f8e700cfa9a9d4b5.jpg
Радиоуправляемый самолет Fei Xiong F35 Fighter 2.4G - FX635-GREY;3290 ₽;Радиоуправляемый американский военный истребитель. Коллекторный мотор - 2 штуки. Установлен 3 осевой гироскоп, который поможет в управлении начинающим пользователям. Размах крыла - 250 мм. Дальность полета - 120 метров.;https://copterdrone.ru/catalog/rc_planes/fei-xiong/radioupravlyaemyj-samolet-fei-xiong-f35-fighter-2-4g---fx635-grey/;https://copterdrone.ru/uploads/products/37482.0x600.jpg
Радиоуправляемый самолет FX819 Aerobus EPP 2.4G - FX819;3490 ₽;Радиоуправляемый самолёт гражданской авиации. В модель установлен LiPo аккумулятор ёмкостью 300 mAh, благодаря которому длительность полёта будет составлять 15-20 минут. Размах крыла - 40 см, а дальность полёта - 200 метров.;https://copterdrone.ru/catalog/rc_planes/fei-xiong/radioupravlyaemyy-samolet-fx819-aerobus-epp-24g-fx819/;https://copterdrone.ru/copter/res/image/uploads/store/product/9eda66b7cf6af146a680be3fe39fe787.jpg
Самолет радиоуправляемый WLToys А130 RTF 2.4Ghz - WLT-A130;3540 ₽;Самолет сделанный на базе транспортного самолета, модифицированный в конечном итоге в военно-транспортный. Высокая детализация и сверх легкий материал не оставит равнодушным никого. Качественный коллекторный двигатель прослужит очень долго.;https://copterdrone.ru/catalog/rc_planes/samolet-radioupravlyaemyy-wltoys-a130-rtf-24ghz-wlt-a130/;https://copterdrone.ru/copter/res/image/uploads/store/product/030590eaab46226894ff3acbe8ee5091.jpg
Радиоуправляемый самолет WLToys Predator MQ-9 2.4G - WLT-A110;3680 ₽;Этот радиоуправляемый самолет в точности повторяет внешний вид американского разведывательного беспилотника MQ-9.;https://copterdrone.ru/catalog/rc_planes/wltoys-fly/radioupravlyaemyy-samolet-wltoys-predator-mq-9-24g-wlt-a110/;https://copterdrone.ru/copter/res/image/uploads/store/product/7b9cb70767e66ae3160ac95468be8729.jpg
Радиоуправляемый самолет WLtoys A120-Lig RTF 2.4G - A120-Lig;3890 ₽;Давайте познакомимся с супер уникальным самолетом с фиксированным крылом, который разработан точно на основе знаменитого гигантского airbus A380!;https://copterdrone.ru/catalog/rc_planes/wltoys-fly/radioupravlyaemyy-samolet-wltoys-a120-lig-rtf-24g-a120-lig/;https://copterdrone.ru/copter/res/image/uploads/store/product/fc51fd9a1f88fa132ac794ed34cf5069.jpg
Радиоуправляемый самолет планер Fei Xiong RTF 2.4G - FX802;3940 ₽;"Радиоуправляемый планер с радиусом действия 100 метров. Длительность полёта на аккумуляторе до 10 минут. Время полёта может быть существенно увеличенно за счет способности модели планировать по воздуху.&nbsp;";https://copterdrone.ru/catalog/rc_planes/fei-xiong/radioupravlyaemyy-samolet-planer-fei-xiong-rtf-24g-fx802/;https://copterdrone.ru/copter/res/image/uploads/store/product/784ad87d1972b7353bc9373f24919a83.jpg
Радиоуправляемый самолет Volantex RC Sport Cub 400мм (красный) 2.4G RTF - EXA76202RR;3990 ₽;Радиоуправляемый самолет Volantex RC Sport Cub 400мм для начинающих, готовый к полету. Простая в управлении игрушка на открытом воздухе с системой 6-осевой гироскопической стабилизации.;https://copterdrone.ru/catalog/rc_planes/volantex/radioupravlyaemyj-samolet-volantex-rc-sport-cub-400mm--krasnyj--2-4g-2ch-lipo-rtf-with-gyro/;https://copterdrone.ru/uploads/products/EXA76104R_00.jpg
Радиоуправляемый самолет Volantex RC Sport Cub 400мм (синий) 2.4G RTF - EXA76202RB;3990 ₽;Радиоуправляемый самолет Volantex RC Sport Cub 400мм для начинающих, готовый к полету. Простая в управлении игрушка на открытом воздухе с системой 6-осевой гироскопической стабилизации.;https://copterdrone.ru/catalog/rc_planes/volantex/radioupravlyaemyj-samolet-volantex-rc-sport-cub-400mm--sinij--2-4g-2ch-lipo-rtf-with-gyro/;https://copterdrone.ru/uploads/products/EXA76202RB_01.jpg
Радиоуправляемый самолет WLToys F929 SU-26;3990 ₽;Легок в управлении и выполнен из прочного EPS пластика;https://copterdrone.ru/catalog/rc_planes/wltoys_f929_su_26/;https://copterdrone.ru/copter/res/images/wltoys_f929_su_26_1.jpg
Радиоуправляемый самолет WLToys F939;3990 ₽;Двухлопастой винт. Радиус полета F939 - 150 метров.;https://copterdrone.ru/catalog/rc_planes/wltoys_f939/;https://copterdrone.ru/copter/res/images/wltoys_f939_1.jpg
Радиоуправляемый самолет XK Innovation A100-J11;4250 ₽;Модель истребителя. Дальность 200 м. Время полета 7-8 минут. Гироскоп, воздушные трюки. Прочный и легкий корпус с узнаваемым дизайном.;https://copterdrone.ru/catalog/rc_planes/xk-innovation-fly/radioupravlyaemyy-samolet-xk-innovation-a100-j11/;https://copterdrone.ru/copter/res/image/uploads/store/product/532c1dddb6537e442de8fbd49583311d.jpg
Радиоуправляемый самолет XK Innovation A100-SU27 RTF 2.4G;4250 ₽;Модель истребителя Су-27. Дальность 200 м. Время полета 7-8 минут. Гироскоп, воздушные трюки. Прочный и легкий корпус с узнаваемым дизайном.;https://copterdrone.ru/catalog/rc_planes/xk-innovation-fly/radioupravlyaemyy-samolet-xk-innovation-a100-su27-rtf-24g/;https://copterdrone.ru/copter/res/image/uploads/store/product/0e362a2ffe275108f62f726ac3d77f6c.jpg
Радиоуправляемый самолет Fei Xiong Cessna182 RTF 2.4Ghz - FX801;4290 ₽;Радиоуправляемый самолет с размахом крыла - 38 см. Модель выполнена из прочного и лёгкого материла EPP. Длительность игры может достигать 20 минут. Расстояние управления - 120 метров. Цвет - белый.;https://copterdrone.ru/catalog/rc_planes/fei-xiong/radioupravlyaemyy-samolet-fei-xiong-cessna182-rtf-24ghz-fx801/;https://copterdrone.ru/copter/res/image/uploads/store/product/fafecc5fc6047d5a8dc3d1abfb82c328.jpg
Радиоуправляемый самолет Volantex RC Mustang 400мм (синий) 2.4G 2ch LiPo RTF with Gyro - EXA76203R;4390 ₽;Радиоуправляемый самолет Volantex RC Mustang 400мм для начинающих, готовый к полету. Простая в управлении игрушка на открытом воздухе с системой 6-осевой гироскопической стабилизации.;https://copterdrone.ru/catalog/rc_planes/volantex/radioupravlyaemyj-samolet-volantex-rc-mustang-400mm--sinij--2-4g-2ch-lipo-rtf-with-gyro/;https://copterdrone.ru/uploads/products/EXA76203_01rb.jpg
Радиоуправляемый самолет Volantex RC Mustang 400мм (красный) 2.4G RTF - EXA76203B;4390 ₽;Радиоуправляемый самолет Volantex RC Mustang 400мм для начинающих, готовый к полету. Простая в управлении игрушка на открытом воздухе с системой 6-осевой гироскопической стабилизации.;https://copterdrone.ru/catalog/rc_planes/volantex/radioupravlyaemyj-samolet-volantex-rc-mustang-400mm--krasnyj--2-4g-2ch-lipo-rtf-with-gyro/;https://copterdrone.ru/uploads/products/EXA76203_01.jpg
Радиоуправляемый самолет Feilun P51 Mustang EPO RTF;4480 ₽;Легкий и подвижный в полете. Стабилизация с помощью 6-осевого гироскопа. Прост в управлении. RTF - готов к полету. Размах крыла 50 см. Аккумулятор LiPo 3.7V 500mAh;https://copterdrone.ru/catalog/rc_planes/radioupravlyaemyy-samolet-feilun-p51-mustang-epo-rtf/;https://copterdrone.ru/copter/res/image/uploads/store/product/288d4b52c8562815e825c05365fcc4db.jpg
Радиоуправляемый самолет Feilun F6F Hellcat EPO TS866C;4480 ₽;Малогабаритная модель из прочного и легкого материала EPO с простым управлением и гироскопом для стабильного полета.;https://copterdrone.ru/catalog/rc_planes/radioupravlyaemyy-samolet-feilun-f6f-hellcat-epo-ts866c/;https://copterdrone.ru/copter/res/image/uploads/store/product/c540e8736a8ba7d1e8276527b9482069.jpg
Радиоуправляемый самолет Feilun P51 Mustang EPO TS866A;4480 ₽;Изготовлен из прочного и легкого материала EPO с мощным мотором и гироскопом для стабильного полета. RTF - готов к полету. Размах крыла 50 см. Аккумулятор LiPo 3.7V 500mAh;https://copterdrone.ru/catalog/rc_planes/radioupravlyaemyy-samolet-feilun-p51-mustang-epo-ts866a/;https://copterdrone.ru/copter/res/image/uploads/store/product/706b6748fd9a2b43841cf437c07f7e7c.jpg
Радиоуправляемый самолет Feilun P47 Thunderbolt EPO TS866B;4480 ₽;Модель истребителя P47 Thunderbolt. Корпус из EPO, бесколлекторный мотор, 6-осевой гироскоп. Полет 5-8 минут. Простое управление, 4 канала.;https://copterdrone.ru/catalog/rc_planes/radioupravlyaemyy-samolet-feilun-p47-thunderbolt-epo-ts866b/;https://copterdrone.ru/copter/res/image/uploads/store/product/596474a50fce793502246dd756d0be95.jpg
Радиоуправляемый самолет Fei Xiong Veyron J-20 RTF 2.4G - FX930;4680 ₽;Радиоуправляемый истребитель с хорошей детализацией. Оснащен двухканальным приемником. Дальность управления - 100 метров. Время игры может достигать 15 минут. Аккумулятор на 300 мАч. Цвет серый;https://copterdrone.ru/catalog/rc_planes/fei-xiong/radioupravlyaemyy-samolet-fei-xiong-veyron-j-20-rtf-24g-fx930/;https://copterdrone.ru/copter/res/image/uploads/store/product/83cd826fae6e8a40d25081eb4585296c.jpg
Радиоуправляемый самолет истребитель WL Toys F16 RTF 2.4G - A290;4690 ₽;Самолет, дизайн которого разработан по образцу истребителя F-16. Идеальный вариант для новичков. Модель ударопрочная, встроенная система стабилизации полета, легкое управление, 2 режима.;https://copterdrone.ru/catalog/rc_planes/radioupravlyaemyy-samolet-istrebitel-wl-toys-f16-rtf-24g-a290/;https://copterdrone.ru/copter/res/image/uploads/store/product/292d7aaae867e8eda21cea3f801760bd.jpg
Самолет HobbyZone Duet RTF;4890 ₽;Эксклюзивная система стабилизации HobbyZone ®, установленная на эту модель, поможет вам уверенно контролировать самолет во время полета.;https://copterdrone.ru/catalog/rc_planes/samolet-hobbyzone-duet-rtf/;https://copterdrone.ru/copter/res/image/uploads/store/product/5a8373733abfee87e3375ab00200e9ce.jpg
Радиоуправляемый самолет WLToys F949 Cessna;4980 ₽;Малогабаритная модель, двухлопастой винт. Хорошо подходит для начинающих пилотов. RTF - готов к полету. Размах крыла 50 см. Аккумулятор LiPo 3.7V 500 mah;https://copterdrone.ru/catalog/rc_planes/wltoys_f949_cessna/;https://copterdrone.ru/copter/res/image/uploads/store/product/4014023579d7c5287d83bbfed2f99a8b.jpg
Радиоуправляемый самолет WL Toys F949S Cessna 182 - WLT-F949S;4980 ₽;Одномоторная Цессна 182, которая способна летать до 25 минут. Обладает 6-осевым гироскопом. Полностью готовый к полетам. Литий-полимерный аккумулятор с емкостью 500 mAh.;https://copterdrone.ru/catalog/rc_planes/wltoys-fly/radioupravlyaemyy-samolet-wl-toys-f949s-cessna-182-wlt-f949s/;https://copterdrone.ru/copter/res/image/uploads/store/product/bb1c4091ae5b719155b5b445483a9bbe.jpg
Радиоуправляемый самолет EasySky Piper J3 Cub White Edition;4990 ₽;Малогабаритная модель с нетрудным управлением - идеальное решение для начинающих пилотов;https://copterdrone.ru/catalog/rc_planes/easysky_piper_j3_cub_white_edition/;https://copterdrone.ru/copter/res/images/easysky_piper_j3_cub_white_edition_1.jpg
Радиоуправляемый самолет HobbyZone Duet HBZ5300;4990 ₽;Тренер для начинающих пилотов, технология Virtual Instructor™. Компактные размеры, коллекторный мотор, система стабилизации. Скорость до 20 км/ч, полет до 10 минут без подзарядки.;https://copterdrone.ru/catalog/rc_planes/radioupravlyaemyy-samolet-hobbyzone-duet-hbz5300/;https://copterdrone.ru/copter/res/image/uploads/store/product/2d6a35bda5d39380acff53649d435322.jpg
Радиоуправляемый самолет WLtoys A150 RTF 2.4G - A150;4999 ₽;Cамолет с фиксированным крылом, который разработан точно на основе знаменитого гигантского giantairbus B747! В режиме big rudder самолет может даже сделать 360 ° флип трюк.;https://copterdrone.ru/catalog/rc_planes/wltoys-fly/radioupravlyaemyy-samolet-wltoys-a150-rtf-24g-a150/;https://copterdrone.ru/copter/res/image/uploads/store/product/d318534ef4a4e7885022e021285fff0f.jpg
Радиоуправляемый самолет XK Innovation Q VERSION F4U PIRATE RTF 2.4G - A500;5270 ₽;"Самолет от XK Innovation, легкий в управлении.&nbsp;Время работы составляет до 12 минут. Модель подойдет и для новичков, и для любителей выполнять трюки. Встроенный шестиосевой гироскоп, запоминающийся мультяшный внешний вид, отличные характеристики. Цвет - синий.";https://copterdrone.ru/catalog/rc_planes/xk-innovation-fly/radioupravlyaemyy-samolet-xk-innovation-q-version-f4u-pirate-rtf-24g-a500/;https://copterdrone.ru/copter/res/image/uploads/store/product/0f9b311add186b93bed82a2bb5cd1363.jpg
Радиоуправляемый самолет Feilun Horizon Legerity HF-X1 EPP RTF;5390 ₽;Оборудован освещением. Ударостойкий. Полетное время 20-30 минут. RTF - готов к полету. Размах крыла 60 см. Аккумулятор LiPo 3.7V 1000mAh;https://copterdrone.ru/catalog/rc_planes/radioupravlyaemyy-samolet-feilun-horizon-legerity-hf-x1-epp-rtf/;https://copterdrone.ru/copter/res/image/uploads/store/product/29c40d02d9a1c326bdfd4c713f2de1c6.jpg
Радиоуправляемый самолет WLToys XK Cessna-182 X420;5420 ₽;Вертикальный взлет и посадка. Дальность 200 м. Время полета 8-10 минут. Воздушные трюки. Прочный и легкий корпус с ярким дизайном.;https://copterdrone.ru/catalog/rc_planes/wltoys-fly/radioupravlyaemyy-samolet-wltoys-xk-cessna-182-x420/;https://copterdrone.ru/copter/res/image/uploads/store/product/c5b2e90331440d8a0edeba3842b742b9.jpg
Радиоуправляемый самолет Volantex RC Ranger 400мм RTF 2.4G - EXA76106R;5681 ₽;"Модель для начинающих авиалюбителей, выполненная из ударопрочного EPP материала. Благодаря трём режимам, которые можно переключить прямо на аппаратуре любой пользователь сможет подобрать лётные возможности под себя. Имеет систему стабилизации&nbsp;XPILOT.";https://copterdrone.ru/catalog/rc_planes/volantex/radioupravlyaemyy-samolet-volantex-rc-ranger-400mm-rtf-24g-exa76106r/;https://copterdrone.ru/copter/res/image/uploads/store/product/0c853e45a5d58427b9f3e1e79cb6d9a8.jpg
Радиоуправляемый самолет ZHIYANG TOYS Миг-29;5890 ₽;Детализированная копия известного отечественного самолета МИГ-29. Оснащен двумя мощными электродвигателями.;https://copterdrone.ru/catalog/rc_planes/zhiyang_toys_mig_29/;https://copterdrone.ru/copter/res/images/zhiyang_toys_mig_29_1.jpg
Радиоуправляемый самолет XK Innovation BF-109 RTF 2.4G - A250;5960 ₽;"Самолет от XK Innovation, легкий в управлении.&nbsp;Время работы составляет до 12 минут. Модель подойдет и для новичков, и для любителей выполнять трюки. Встроенный шестиосевой гироскоп, запоминающийся внешний вид, отличные характеристики. Цвет - серый с золотым, есть декали.";https://copterdrone.ru/catalog/rc_planes/xk-innovation-fly/radioupravlyaemyy-samolet-xk-innovation-bf-109-rtf-24g-a250/;https://copterdrone.ru/copter/res/image/uploads/store/product/4e53a77b4190c9e409ea679f4cf2ddb1.jpg
Радиоуправляемый самолет истребитель XK Innovation F8F RTF 2.4G - A260;5960 ₽;Копия истребителя F7F от XK Innovation. Есть шестиосевой гироскоп, помогающий новичкам освоиться в управлении. При желании можно научиться выполнять сальто, кувыркаться в стороны и летать вверх ногами с помощью пульта ДУ. Время работы составляет до 10 минут. Цвет - бело-золотой.;https://copterdrone.ru/catalog/rc_planes/xk-innovation-fly/radioupravlyaemyy-samolet-istrebitel-xk-innovation-f8f-rtf-24g-a260/;https://copterdrone.ru/copter/res/image/uploads/store/product/b1c6f1d398c0ca5a8333427eb2643910.jpg
Радиоуправляемый самолет истребитель XK Innovation P40 RTF 2.4G - A220;5960 ₽;Копия истребителя P40 от XK Innovation. Есть шестиосевой гироскоп, помогающий новичкам освоиться в управлении. При желании можно научиться выполнять сальто, кувыркаться в стороны и летать вверх ногами с помощью пульта ДУ. Время работы составляет до 10 минут. Цвет - жёлто-зеленый.;https://copterdrone.ru/catalog/rc_planes/xk-innovation-fly/radioupravlyaemyy-samolet-istrebitel-xk-innovation-p40-rtf-24g-a220/;https://copterdrone.ru/copter/res/image/uploads/store/product/d7e3d39166c8d688d3adccbfb6641701.jpg
Радиоуправляемый самолет истребитель XK Innovation T28 RTF 2.4G - A210;5960 ₽;Копия истребителя T28 от XK Innovation. Есть шестиосевой гироскоп, помогающий новичкам освоиться в управлении. При желании можно научиться выполнять сальто, кувыркаться в стороны и летать вверх ногами с помощью пульта ДУ. Время работы составляет до 10 минут. Цвет - черный с желтым.;https://copterdrone.ru/catalog/rc_planes/xk-innovation-fly/radioupravlyaemyy-samolet-istrebitel-xk-innovation-t28-rtf-24g-a210/;https://copterdrone.ru/copter/res/image/uploads/store/product/fd95cf08b5dbf9d269f0b76b5e9dfa6b.jpg
Радиоуправляемый планер Multiplex Easy Glider Pro KIT 21 4226;5990 ₽;KIT-набор для сборки модели планера. 2 варианта сборки (с батареей и без). Размах крыла 1830 мм. Легкая и прочная конструкция из Elapor. 3D-пилотаж.;https://copterdrone.ru/catalog/rc_planes/radioupravlyaemyy-planer-multiplex-easy-glider-pro-kit-21-4226/;https://copterdrone.ru/copter/res/image/uploads/store/product/2f70486618baa5f05573dc371a6c901f.jpg
Радиоуправляемый самолет Multiplex Extra 330SC KIT 21 4335;5990 ₽;KIT-набор для сборки модели самолета. 6 минут полета, идеален для 3D-пилотирования.;https://copterdrone.ru/catalog/rc_planes/radioupravlyaemyy-samolet-multiplex-extra-330sc-kit-21-4335/;https://copterdrone.ru/copter/res/image/uploads/store/product/bb92a457522b99ff0019a6cd3f6d5635.jpg
Самолет FlyZone Micro Calypso Glider EP 630мм, электро, RTF;5990 ₽;Покладистая модель отличается легким управлением и быстрой сборкой.;https://copterdrone.ru/catalog/rc_planes/samolet-flyzone-micro-calypso-glider-ep-630mm-elektro-rtf/;https://copterdrone.ru/copter/res/image/uploads/store/product/0ba982423a5558a146a98f126324c894.jpg
Радиоуправляемый самолет TechOne SBACH 342 HCF Depron KIT;6190 ₽;KIT-набор для сборки радиоуправляемой модели самолета. Надежная конструкция, стабильность полета, управляемость.;https://copterdrone.ru/catalog/rc_planes/radioupravlyaemyy-samolet-techone-sbach-342-hcf-depron-kit/;https://copterdrone.ru/copter/res/image/uploads/store/product/e835295d41a48306a5ddd243161bcfe1.jpg
Радиоуправляемый самолет Volantex 761-1 Trainstar Mini TW761-1 EXA76101R;6290 ₽;Модель для начинающих авиалюбителей, выполненная из ударопрочного EPP материала. Благодаря трём режимам, которые можно переключить прямо на аппаратуре любой пользователь сможет подобрать лётные возможности под себя.;https://copterdrone.ru/catalog/rc_planes/volantex/radioupravlyaemyy-samolet-volantex-761-1-trainstar-mini-tw761-1/;https://copterdrone.ru/copter/res/image/uploads/store/product/6e26ce87e38971f2fb7314833a4bae53.jpg
Радиоуправляемый самолет Volantex RC Sport Cub 400мм (желтый) with Gyro 3ch RTF 2.4G - EXA76114R;6490 ₽;Радиоуправляемый самолет Volantex RC Sport Cub 400мм для начинающих с системой стабилизации Xpilot в комплектации RTF. Трехуровневая система управления полетом обеспечивает легкое управление полетом, не говоря уже о пилотажном полете простым нажатием одной кнопки.;https://copterdrone.ru/catalog/rc_planes/volantex/radioupravlyaemyj-samolet-volantex-rc-sport-cub-400mm--zheltyj--2-4g-3ch-lipo-rtf-with-gyro/;https://copterdrone.ru/uploads/products/EXA76114_01.jpg
Радиоуправляемый самолет Volantex RC F22 2.4G 4ch RTF - EXA76107R;6780 ₽;Радиоуправляемый военный самолёт с гироскопом. Истребитель может летать как на улице, так и в помещениях. Двигатель коллекторный, а управление 4х канальное. Можно выполнять фигуры высшего пилотажа.;https://copterdrone.ru/catalog/rc_planes/volantex/radioupravlyaemyy-samolet-volantex-rc-f22-24g-4ch-rtf-exa76107r/;https://copterdrone.ru/copter/res/image/uploads/store/product/55936a1061a663de618c95dd0589e89c.jpg
Радиоуправляемый самолет Joysway Invader RTF 2.4G - JS6104V2;6820 ₽;Прекрасно подходит как для обучения, так и для развлекательных полётов.Модель полностью собрана, укомплектована и настроена на заводе.;https://copterdrone.ru/catalog/rc_planes/radioupravlyaemyy-samolet-joysway-invader-rtf-24g-js6104v2/;https://copterdrone.ru/copter/res/image/uploads/store/product/872bf9e62fcaa80b015871b649fbafcd.jpg
Радиоуправляемый самолет Joysway Smart-K RTF 2.4G - JS6106V2;6870 ₽;Отлично подходит для начинающих в качестве первоначального тренера.Сборка занимает минимальное время благодаря предварительно установленному электродвигателю.;https://copterdrone.ru/catalog/rc_planes/radioupravlyaemyy-samolet-joysway-smart-k-rtf-24g-js6106v2/;https://copterdrone.ru/copter/res/image/uploads/store/product/6ce8fe6fd53155a85e835011b62c4286.jpg
Радиоуправляемый самолет WL Toys F959S Sky King 6-AXIS GYRO 2.4G - F959S-BLUE;6973 ₽;Среднегабаритная модель планера с простым управлением, оснащена яркой светодиодной подсветкой. Размах крыла 750 мм;https://copterdrone.ru/catalog/rc_planes/wltoys-fly/radioupravlyaemyy-samolet-wl-toys-f959s-sky-king-6-axis-gyro-24g-f959s-blue/;https://copterdrone.ru/copter/res/image/uploads/store/product/4771b40b396128e978572eb5961758c5.jpg
Радиоуправляемый самолет TechOne Swift EPP KIT TO-SWIFT;6980 ₽;KIT-набор для сборки модели самолета для 3D-пилотирования. Размах крыла 1200 мм. EPP, усиление карбоновыми рейками.;https://copterdrone.ru/catalog/rc_planes/radioupravlyaemyy-samolet-techone-swift-epp-kit-to-swift/;https://copterdrone.ru/copter/res/image/uploads/store/product/f2189ce0ec39c26dfd11e4b052781deb.jpg
Радиоуправляемый самолёт VolantexRC 756-2 Saber 920 KIT - TW756-2-KIT;7190 ₽;KIT-набор для начинающих любителей радиоуправляемых моделей. Превосходный баланс веса и размера модели позволит выполнять высшие фигуры пилотажа, что доставит яркие и насыщенные эмоции!;https://copterdrone.ru/catalog/rc_planes/volantex/radioupravlyaemyy-samolyot-volantexrc-756-2-saber-920-kit-tw756-2-kit/;https://copterdrone.ru/copter/res/image/uploads/store/product/c989b66539f756daf3eb33cfc7859229.jpg
Радиоуправляемый самолет Volantex RC P40 Warhawk with Gyro 400мм 4ch RTF 2.4G - EXA76113R;7290 ₽;Радиоуправляемый самолет Volantex RC P40 Warhawk 400мм для начинающих с системой стабилизации Xpilot в комплектации RTF. Трехуровневая система управления полетом обеспечивает легкое управление полетом, не говоря уже о пилотажном полете простым нажатием одной кнопки.;https://copterdrone.ru/catalog/rc_planes/volantex/radioupravlyaemyj-samolet-volantex-rc-p40-warhawk-400mm-2-4g-4ch-lipo-rtf-with-gyro/;https://copterdrone.ru/uploads/products/EXA76113_01.jpg
Радиоуправляемый самолет Volantex RC B109 with Gyro 400мм 4ch RTF 2.4G - EXA76111R;7290 ₽;Радиоуправляемый самолет Volantex RC B109 для начинающих с системой стабилизации Xpilot в комплектации RTF. Трехуровневая система управления полетом обеспечивает легкое управление полетом, не говоря уже о пилотажном полете простым нажатием одной кнопки.;https://copterdrone.ru/catalog/rc_planes/volantex/radioupravlyaemyj-samolet-volantex-rc-b109-400mm-2-4g-4ch-lipo-rtf-with-gyro/;https://copterdrone.ru/uploads/products/EXA76111R_01.jpg
Радиоуправляемый самолет WLToys F959 Sky King;7340 ₽;Среднегабаритная модель мотопланера обладает очень легким управлением, оснащена яркой светодиодной подсветкой. Размах крыла 750 мм;https://copterdrone.ru/catalog/rc_planes/wltoys_f959_sky_king/;https://copterdrone.ru/copter/res/image/uploads/store/product/afbccb75f878ce43e15dfa43624a3c15.jpg
Радиоуправляемый самолет Volantex RC Spitefire with Gyro 400мм 4ch RTF 2.4G - EXA76112R;7390 ₽;Радиоуправляемый самолет Volantex RC Spitefire 400мм для начинающих с системой стабилизации Xpilot в комплектации RTF. Трехуровневая система управления полетом обеспечивает легкое управление полетом, не говоря уже о пилотажном полете простым нажатием одной кнопки.;https://copterdrone.ru/catalog/rc_planes/volantex/radioupravlyaemyj-samolet-volantex-rc-spitefire-400mm-2-4g-4ch-lipo-rtf-with-gyro/;https://copterdrone.ru/uploads/products/EXA76112_01.jpg
Радиоуправляемый самолет Cymodel Jodel Robin KIT CY8123;7535 ₽;KIT-набор для сборки модели самолета. Для новичков и опытных. Размах крыла 1010 мм. Надежная конструкция, стабильность полета, управляемость.;https://copterdrone.ru/catalog/rc_planes/radioupravlyaemyy-samolet-cymodel-jodel-robin-kit-cy8123/;https://copterdrone.ru/copter/res/image/uploads/store/product/4819051580b461a3cef396be0b8ded20.jpg
Радиоуправляемый самолет Volantex 756-2 Saber 920 - TW756-2-PNP;7590 ₽;Отличная модель от Volantex для любителей профессиональных моделей. Мощный бесколлекторный мотор, точно сбалансированные вес и размер в совокупности дают невероятные лётные характеристики. PNP комплектация.;https://copterdrone.ru/catalog/rc_planes/volantex/radioupravlyaemyy-samolet-volantex-756-2-saber-920-tw756-2/;https://copterdrone.ru/copter/res/image/uploads/store/product/34dcb66b9401a6344a7b63ca3ad2883c.jpg
Радиоуправляемый самолет Volantex RC T28 400мм 2.4G 4ch LiPo RTF with Gyro EXA76109R;7840 ₽;Т-28 - это радиоуправляемый боевой 4-канальный самолет, обладающий отличными спортивными характеристиками и способный выполнять фигуры высшего пилотажа. Благодаря встроенной системе гироскопического стабилизатора Xpilot с мощной моторной системой, самолет летает стабильно, ловко реагирует на управление и может выполнять фигуры высшего пилотажа даже в условиях небольшого ветра.;https://copterdrone.ru/catalog/rc_planes/volantex/radioupravlyaemyj-samolet-volantex-rc-t28-400mm-2-4g-4ch-lipo-rtf-with-gyro/;https://copterdrone.ru/uploads/products/EXA76109R_01.png
Радиоуправляемый самолет Volantex RC F4U 2.4G 4ch RTF - EXA76108R;7850 ₽;Радиоуправляемый самолёт , который способен выполнять трюки высшего пилотажа. Гироскоп - 6 осевой, двигатель - коллекторный. Длина планера - 30 см. Новая конструкция винта предотвращает его поломку при падениях.;https://copterdrone.ru/catalog/rc_planes/volantex/radioupravlyaemyy-samolet-volantex-rc-f4u-24g-4ch-rtf-exa76108r/;https://copterdrone.ru/copter/res/image/uploads/store/product/fa8b072873535b2e237091346c3366a6.jpg
Радиоуправляемый самолет XK Innovation IMITATE F22A RAPTOR 2.4G - A180;7910 ₽;Самолет на радиоуправлении с возможностью делать трюки высшего пилотажа за счет 3D режима. Дальность управления может достигать 200 метров. Время полета 6-8 минут. Двигатель бесколлекторный.;https://copterdrone.ru/catalog/rc_planes/xk-innovation-fly/radioupravlyaemyy-samolet-xk-innovation-imitate-f22a-raptor-24g-a180/;https://copterdrone.ru/copter/res/image/uploads/store/product/0b8e5223b7937f90ed0c4339e879f8b8.jpg
Радиоуправляемый самолёт-планер Volantex 761-2 Ranger 600 - TW761-2;8050 ₽;Великолепный планер от компании Volantex, оснащенный улучшенной системой стабилизацией полёта. Идеальная модель ддля начинающих любителей авиамодлей! RTF-комплектация.;https://copterdrone.ru/catalog/rc_planes/volantex/radioupravlyaemyy-samolyot-planer-volantex-761-2-ranger-600-tw761-2/;https://copterdrone.ru/copter/res/image/uploads/store/product/a109d35d224496c2967bd31795f44d8b.jpg
Радиоуправляемый самолет Volantex Sbach 342 KIT TW756-1-KIT;8085 ₽;KIT-набор для сборки модели самолета. 3D-пилотаж. Размах крыла 1100 мм. Легкая и прочная конструкция.;https://copterdrone.ru/catalog/rc_planes/radioupravlyaemyy-samolet-volantex-sbach-342-kit-tw756-1-kit/;https://copterdrone.ru/copter/res/image/uploads/store/product/f850330cd51de3c1f9f967c68232cdad.jpg
Радиоуправляемый самолет Volantex RC Sport Cub 500мм 4ch LiPo RTF 2.4G - EXA76104R;8190 ₽;Самолет-тренер от Volantex RC. Имеет встроенную систему стабилизации Xpilot с тремя режимами поддержки, функцию автоматического разворота и функцию автоматического выполнения любительских трюков. Цвет - белый с красным.;https://copterdrone.ru/catalog/rc_planes/volantex/radioupravlyaemyy-samolet-volantex-rc-sport-cub-500mm-4ch-lipo-rtf-24g-exa76104r/;https://copterdrone.ru/copter/res/image/uploads/store/product/50588312940ecd793de3e32f974fb49a.jpg
Радиоуправляемый самолет FreeWing Yak-130 70 mm KIT FJ20911K;8390 ₽;KIT-набор для сборки модели самолета. Узнаваемый дизайн. Размах крыла 920 мм. Корпус из легкого и прочного EPO. Съемные крылья и угольный лонжерон. Электронное шасси.;https://copterdrone.ru/catalog/rc_planes/radioupravlyaemyy-samolet-freewing-yak-130-70-mm-kit-fj20911k/;https://copterdrone.ru/copter/res/image/uploads/store/product/d9c1c499f1a7fb50f8f387ccaecbdbed.jpg
Радиоуправляемый самолет Volantex RC F16 4ch LiPo RTF 2.4G - EXA76110R;8590 ₽;Радиоуправляемый истребитель с мощным коллекторным двигателем. Благодаря гироскопу самолет подойдет и для начинающих пользователей. Сделан из ударостойкого материала EPP. Размах крыла - 33,6 см;https://copterdrone.ru/catalog/rc_planes/volantex/radioupravlyaemyy-samolet-volantex-rc-f16-4ch-lipo-rtf-24g-exa76110r/;https://copterdrone.ru/copter/res/image/uploads/store/product/8d0605a187746b30be36e6d0e413c406.jpg
Радиоуправляемый самолет XK-Innovation EDGE A430;8920 ₽;Модель с системой стабилизации 6G и возможностью выполнения фигур 3D-пилотажа, 5 каналов управления;https://copterdrone.ru/catalog/rc_planes/xk_innovation_a430/;https://copterdrone.ru/copter/res/images/xk_innovation_a430_001.jpg
Радиоуправляемый самолет HobbyZone Sport Cub S RTF with SAFE® Technology HBZ4400;8990 ₽;Полет 15 минут. Несколько полетных режимов, восстановление горизонтального полета в режиме «Паника», технология SAFE®. Пропорциональное управление, 4 канала, управление хвостовым колесом.;https://copterdrone.ru/catalog/rc_planes/radioupravlyaemyy-samolet-hobbyzone-sport-cub-s-rtf-with-safer-technology-hbz4400/;https://copterdrone.ru/copter/res/image/uploads/store/product/aaf2115ae36261505b2cb5ced542e89a.jpg
Радиоуправляемый самолет XK Innovation A800 RTF 2.4G - A800;9040 ₽;Радиоуправляемый планер с мощным коллекторным двигателем! Корпус радиоуправляемого самолета XK-Innovation A800 выполнен из очень легкого и прочного EPO-материала.;https://copterdrone.ru/catalog/rc_planes/xk-innovation-fly/radioupravlyaemyy-samolet-xk-innovation-a800-rtf-24g-a800/;https://copterdrone.ru/copter/res/image/uploads/store/product/234f8efa6eb3508c9772e75b01a42023.jpg
Радиоуправляемый самолет Volantex RC Zero 400мм 2.4G 4ch LiPo RTF with Gyro - EXA76115R;9190 ₽;Радиоуправляемый самолет Volantex RC Zero 400мм для начинающих с системой стабилизации Xpilot в комплектации RTF. Трехуровневая система управления полетом обеспечивает легкое управление полетом, не говоря уже о пилотажном полете простым нажатием одной кнопки.;https://copterdrone.ru/catalog/rc_planes/volantex/radioupravlyaemyj-samolet-volantex-rc-zero-400mm-2-4g-4ch-lipo-rtf-with-gyro/;https://copterdrone.ru/uploads/products/EXA76115_02.jpg
Радиоуправляемый самолет Volantex RC P51D 400мм (синий) 2.4G 4ch LiPo RTF with Gyro - EXA76105RB;9290 ₽;Радиоуправляемый самолет VolantexRC P51D Mustang - один из лучших радиоуправляемых самолетов для начинающих детей и взрослых. Он обладает отличными спортивными характеристиками.;https://copterdrone.ru/catalog/rc_planes/volantex/radioupravlyaemyj-samolet-volantex-rc-p51d-400mm--sinij--2-4g-4ch-lipo-rtf-with-gyro/;https://copterdrone.ru/uploads/products/EXA76105RB_00.jpg
Радиоуправляемый самолет Volantex RC Sport Cub 500мм (синий) 2.4G 4ch LiPo RTF with Gyro - EXA76104RB;9490 ₽;Радиоуправляемый самолет Sport Cub 500 RTF - самолет-тренер с системой стабилизации Xpilot, с функцией разворота и может автоматически выполнять фигуры высшего пилотажа в двух направлениях.;https://copterdrone.ru/catalog/rc_planes/volantex/radioupravlyaemyj-samolet-volantex-rc-sport-cub-500mm--sinij--2-4g-4ch-lipo-rtf-with-gyro/;https://copterdrone.ru/uploads/products/EXA76104B_00.jpg
Радиоуправляемый самолет Art-tech Як-54;9490 ₽;Крупногабаритная модель для опытных пользователей. Предназначена для выполнения фигур высшего пилотажа;https://copterdrone.ru/catalog/rc_planes/art_tech_yak_54/;https://copterdrone.ru/copter/res/images/art_tech_yak_54_1.jpg
Радиоуправляемый самолет Volantex RC P51D 2.4G 4ch RTF - EXA76105R;9490 ₽;Радиоуправляемый самолёт с 4-х канальным управлением. На борт модели установлен 6-ти осевой гироскоп. Размах крыла 40 см. Благодаря аккумулятору авиамодель может лететь на одном заряде до 15 минут.;https://copterdrone.ru/catalog/rc_planes/volantex/radioupravlyaemyy-samolet-volantex-rc-p51d-24g-4ch-rtf-exa76105r/;https://copterdrone.ru/copter/res/image/uploads/store/product/c4e15ff2d95d530c4496781a0c600390.jpg
Радиоуправляемый планер Volantex RC PhoenixS 1600мм KIT - EXA74207K;9790 ₽;Классический радиоуправляемый планер Volantex RC PhoenixS в комплектации KIT. Прочный материал корпуса. Прочный пластиковый фюзеляж обеспечивает устойчивость к повреждениям при посадке и столкновении. Размах крыла 1,6 м. Благодаря большому размаху крыльев PhoenixS стабильно летает на ветру, экономя энергию за счет планирования и увеличивая время полета.;https://copterdrone.ru/catalog/rc_planes/volantex/radioupravlyaemyj-planer-volantex-rc-phoenixs-1600mm-kit/;https://copterdrone.ru/uploads/products/EXA74207K.jpg
Радиоуправляемый самолет Top RC F4 Белый 628 мм импеллер PNP;9990 ₽;Крупногабаритная импеллерная модель с детализированным корпусом. Бесколлекторный мотор, 5 сервоприводов. Мощная система питания. Для высоких и низких скоростей, фигур высшего пилотажа.;https://copterdrone.ru/catalog/rc_planes/radioupravlyaemyy-samolet-top-rc-f4-belyy-628-mm-impeller-pnp/;https://copterdrone.ru/copter/res/image/uploads/store/product/bd4b5b105ff9b272b8737af9c0207639.jpg
Радиоуправляемый самолет XK Innovations A600;10060 ₽;Подходит для классического и 3d пилотажа, оснащена надежным и мощным бесколлекторным мотором;https://copterdrone.ru/catalog/rc_planes/xk_innovations_a600/;https://copterdrone.ru/copter/res/image/uploads/store/product/1fda6c2f71e91d16090a41a56adead2e.jpg
Радиоуправляемый самолет WL Toys 3D 6G 4CH RTF 2.4G - WLT-A280;10790 ₽;Самолёт полностью собран, весь корпус окрашен в серый и красный цвета и готов к полету, осталось только зарядить аккумулятор, вставить батарейки в пульт и можно летать!;https://copterdrone.ru/catalog/rc_planes/wltoys-fly/radioupravlyaemyy-samolet-wl-toys-3d-6g-4ch-rtf-2-4g-wlt-a280/;https://copterdrone.ru/uploads/products/3d6g_4ch_rc_scale_plane_wlt_a280_64af700a4c812_5393_big.jpg
Радиоуправляемый самолет HobbyZone Champ S+ HBZ5400 RTF;10900 ₽;Для новичков и опытных пилотов, технология SAFE Plus, 3 режима, GPS. Размах крыла 694 мм. Бесколлекторный мотор. Полет 12 минут.;https://copterdrone.ru/catalog/rc_planes/radioupravlyaemyy-samolet-hobbyzone-champ-s-hbz5400-rtf/;https://copterdrone.ru/copter/res/image/uploads/store/product/01042c1289f45b187c11e70c0796cda0.jpg
Радиоуправляемый самолет Multiplex Funcub KIT MPX-214243;10920 ₽;KIT-набор для сборки модели самолета. 3D-пилотаж. Размах крыла 1400 мм. Легкая и прочная конструкция из Elapor.;https://copterdrone.ru/catalog/rc_planes/radioupravlyaemyy-samolet-multiplex-funcub-kit-mpx-214243/;https://copterdrone.ru/copter/res/image/uploads/store/product/c486b78ed1b6d5b625aa45948c81ec61.jpg
Радиоуправляемый планер Volantex RC Ranger 1600мм KIT - EXA75707K;10990 ₽;Радиоуправляемый самолет Volantexrc Ranger 1600 представляет собой большой планер с размахом крыльев 1,6 метра в комплектации KIT.;https://copterdrone.ru/catalog/rc_planes/volantex/radioupravlyaemyj-planer-volantex-rc-ranger-1600mm-kit/;https://copterdrone.ru/uploads/products/EXA75707K.jpg
Радиоуправляемый планер Volantex RC ASW28 2600мм KIT - EXA75901K;11299 ₽;Радиоуправляемый самолет Volantexrc ASW28 представляет собой большой планер с размахом крыльев 2,6 метра в комплектации RTF.;https://copterdrone.ru/catalog/rc_planes/volantex/radioupravlyaemyj-planer-volantex-rc-asw28-2600mm-kit/;https://copterdrone.ru/uploads/products/EXA75901K_03.jpg
Радиоуправляемый самолет XK-Innovation X520 RTF;11530 ₽;Дальность до 150 метров. Время полета до 15 минут. Вертикальный взлет. Стабилизация полета при помощи 6-осевого встроенного гироскопа.;https://copterdrone.ru/catalog/rc_planes/radioupravlyaemyy-samolet-xk-innovation-x520-rtf/;https://copterdrone.ru/copter/res/image/uploads/store/product/5ab5c112d9c193685712ab34bbca3f0e.jpg
Радиоуправляемый самолет WLtoys A160 J3 SKYLARK - XK-A160;11890 ₽;Самолет на радиоуправлении от фирмы WLtoys с возможностью выполнения трюков высшего пилотажа. Время полёта от 8 до 18 минут. 4х канальная аппаратура. Большой размах крыла - 65 см, а длина фюзеляжа -  46см.;https://copterdrone.ru/catalog/rc_planes/wltoys-fly/radioupravlyaemyy-samolet-wltoys-a160-j3-skylark-xk-a160/;https://copterdrone.ru/copter/res/image/uploads/store/product/c6b00ec959fe681f264da10dd8f1cfa7.jpg
Радиоуправляемый самолет XK-Innovation X520-W RTF;12090 ₽;Оборудован камерой. Дальность до 150 метров. Время полета до 15 минут. Вертикальный взлет. Стабилизация полета при помощи 6-осевого встроенного гироскопа.;https://copterdrone.ru/catalog/rc_planes/radioupravlyaemyy-samolet-xk-innovation-x520-w-rtf/;https://copterdrone.ru/copter/res/image/uploads/store/product/23446d84fb25c185ddaf538e70ee70e8.jpg
Радиоуправляемый самолет планер Volantex RC Ranger 750мм Brushless 4ch RTF 2.4G - EXA76702R;12290 ₽;"Самолет от Volantex RC с бесколлекторным двигателем&nbsp;1806-2450 KV и тремя уровнями управления полетом. Может выполнять трюки любительского уровня. Опционально можно установить мини-камеру. Цвет - белый с черно-красными декалями.";https://copterdrone.ru/catalog/rc_planes/volantex/radioupravlyaemyy-samolet-planer-volantex-rc-ranger-750mm-brushless-4ch-rtf-24g-exa76702r/;https://copterdrone.ru/copter/res/image/uploads/store/product/9c01acca1e901bafe27354df73bea97e.jpg
Радиоуправляемый самолет Joysway Huntsman 1100 V2 Yellow Mode 2 RTF 2.4G - JS6108V2-Ye;12580 ₽;"Модель имеет интересную функцию&nbsp;автоматической вертикальной посадки.Отлично подходит для начинающих в качестве первоначального тренера.";https://copterdrone.ru/catalog/rc_planes/radioupravlyaemyy-samolet-joysway-huntsman-1100-v2-yellow-mode-2-rtf-24g-js6108v2-ye/;https://copterdrone.ru/copter/res/image/uploads/store/product/8a38d5e8ade34a49010858c4624b2e00.jpg
Радиоуправляемый самолет Joysway Huntsman 1100 V2 Orange Mode 2 RTF 2.4G - JS6108V2-Or;12580 ₽;"Модель имеет интересную функцию&nbsp;автоматической вертикальной посадки.Отлично подходит для начинающих в качестве первоначального тренера.";https://copterdrone.ru/catalog/rc_planes/radioupravlyaemyy-samolet-joysway-huntsman-1100-v2-orange-mode-2-rtf-24g-js6108v2-or/;https://copterdrone.ru/copter/res/image/uploads/store/product/cb878bc67b716f55428d45cc68115a93.jpg
Радиоуправляемый планер Volantex TW757-2 FPV raptor PNP;12825 ₽;Маневренный планер, яркий дизайн, FPV. Корпус из EPO, размах крыла 2000 мм. Бесколлекторный мотор. 6 каналов управления.;https://copterdrone.ru/catalog/rc_planes/radioupravlyaemyy-planer-volantex-tw757-2-fpv-raptor-pnp/;https://copterdrone.ru/copter/res/image/uploads/store/product/21fe8af16c46bf123734e1cb9cf221c0.jpg
Радиоуправляемый самолет Top RC Jet Star Голубой 800 мм PNP;12990 ₽;Импеллерная модель с детализированным модульным корпусом. Импеллер 65 мм. Бесколлекторный мотор. Фигуры высшего пилотажа.;https://copterdrone.ru/catalog/rc_planes/radioupravlyaemyy-samolet-top-rc-jet-star-goluboy-800-mm-pnp/;https://copterdrone.ru/copter/res/image/uploads/store/product/c5a124afbcbee3eacdf477d643c60796.jpg
Радиоуправляемый планер Volantex RC Ranger 1600мм Brushless PNP - EXA75707P;12990 ₽;Радиоуправляемый самолет Volantexrc Ranger 1600 представляет собой большой планер с размахом крыльев 1,6 метра в комплектации PNP. 6-осевой гироскоп обеспечивает стабильный полет даже новичкам.;https://copterdrone.ru/catalog/rc_planes/volantex/radioupravlyaemyj-planer-volantex-rc-ranger-1600mm-brushless-pnp/;https://copterdrone.ru/uploads/products/EXA75707K.jpg
Радиоуправляемый планер Volantex RC Phoenix 2400мм KIT - EXA75903K;12990 ₽;Радиоуправляемый самолет Volantexrc Phoenix 2400 представляет собой большой планер с размахом крыльев 2,4 метра в комплектации KIT.;https://copterdrone.ru/catalog/rc_planes/volantex/radioupravlyaemyj-planer-volantex-rc-phoenix-2400mm-kit/;https://copterdrone.ru/uploads/products/EXA75903K.jpg
Радиоуправляемый самолет Volantex RC P51D Brushless 2.4G 4ch RTF - EXA76801RRBL;12990 ₽;Радиоуправляемый самолёт с 4-х канальным управлением. На борт модели установлен 6-ти осевой гироскоп. Размах крыла 75 см. Двигатель бесколлекторный. Благодаря аккумулятору авиамодель может лететь на одном заряде до 15 минут.;https://copterdrone.ru/catalog/rc_planes/volantex/radioupravlyaemyy-samolet-volantex-rc-p51d-brushless-24g-4ch-rtf-exa76801rrbl/;https://copterdrone.ru/copter/res/image/uploads/store/product/749356c8eb31c09a6228f5a5f027e392.jpg
Радиоуправляемый самолет XK Innovations A1200;13200 ₽;Корпус из прочного материала с транслирующей FullHD камерой (приобретается отдельно);https://copterdrone.ru/catalog/rc_planes/xk_innovations_a1200/;https://copterdrone.ru/copter/res/images/xk_innovations_a1200_1.jpg
Радиоуправляемый планер Volantex RC Phoenix V2 2000мм KIT - EXA75902K;13290 ₽;Радиоуправляемый самолет Volantexrc Phoenix V2 представляет собой большой планер с размахом крыльев 2 метра в комплектации RTF.;https://copterdrone.ru/catalog/rc_planes/volantex/radioupravlyaemyj-planer-volantex-rc-phoenix-v2-2000mm-kit/;https://copterdrone.ru/uploads/products/EXA75902K_03.jpg
Радиоуправляемый планер Volantex RC Ranger 2000мм KIT - EXA75708K;13290 ₽;Радиоуправляемый самолет Volantexrc Ranger 2000 представляет собой большой планер с размахом крыльев 2,0 метра в комплектации KIT.;https://copterdrone.ru/catalog/rc_planes/volantex/radioupravlyaemyj-planer-volantex-rc-ranger-2000mm-kit/;https://copterdrone.ru/uploads/products/EXA75708K.jpg
Радиоуправляемый самолет Hubsan F22 RTF HT015B;13560 ₽;Оборудован камерой. Дальность до 300 метров. Время полета до 8 минут. GPS-навигация. Автоматический взлет.;https://copterdrone.ru/catalog/rc_planes/radioupravlyaemyy-samolet-hubsan-f22-rtf/;https://copterdrone.ru/copter/res/image/uploads/store/product/dc5471e3777048a5a5ad97c62845a40e.jpg
Радиоуправляемый планер Top RC Lightning 2100 (Propeller Power System) 2100мм KIT Top090A;13590 ₽;Радиоуправляемый планер с размахом крыла 210 см! В комплекте присутствует только сам планер без электроники, требуется докупить все остальное. Выполнен из EPO материала с добавлением углеволокна.;https://copterdrone.ru/catalog/rc_planes/top-rc/radioupravlyaemyy-planer-top-rc-lightning-2100-propeller-power-system-2100mm-kit-top090a/;https://copterdrone.ru/copter/res/image/uploads/store/product/90e272171fc751b21cb18858ace53de0.jpg
Радиоуправляемый самолет Art-Tech P-51D;13990 ₽;Мощная копия военного самолета P-51D Mustang Parkflyer, бесколлекторный мотор;https://copterdrone.ru/catalog/rc_planes/art_tech_p_51d/;https://copterdrone.ru/copter/res/images/art_tech_p_51d_1.jpg
Радиоуправляемый самолет Top RC A1 Sky Raider 800мм 2.4G 4-ch LiPo RTF Top027C;14350 ₽;Радиоуправляемый самолёт с бесколлекторным двигателем. Ударостойкий материал EPO максимально предотвратит поломки. Модель имеет возможность делать трюки высшего пилотажа. Размах крыла 80 см.;https://copterdrone.ru/catalog/rc_planes/top-rc/radioupravlyaemyy-samolet-top-rc-a1-sky-raider-800mm-24g-4-ch-lipo-rtf-top027c/;https://copterdrone.ru/copter/res/image/uploads/store/product/8022f16dbab2a6506a71a0fd25ee5c62.jpg
Радиоуправляемый самолет Top RC Hurricane 750мм 2.4G 4-ch LiPo RTF Top013C;14350 ₽;Радиоуправляемый военный самолёт. Система управления состоит из 4 каналов. Самолёт полностью готов к полётам.  Двигатель бесколлекторный. Размах крыла 75 см, а длина фюзеляжа 42,2 см. Высокая детализация.;https://copterdrone.ru/catalog/rc_planes/top-rc/radioupravlyaemyy-samolet-top-rc-hurricane-750mm-24g-4-ch-lipo-rtf-top013c/;https://copterdrone.ru/copter/res/image/uploads/store/product/0fd8bf2f0710bb44b2fc158deb475f93.jpg
Радиоуправляемый самолет Top RC P-51D 750мм 2.4G 4-ch LiPo RTF Top017C;14350 ₽;Радиоуправляемый боевой самолёт Соединенных Штатов Америки. Присуствует шасси. Установлен мощный бесколлекторный двигатель 1200 класса. Размах крыла - 75 см. 4 канала управления. Цвет - желтый.;https://copterdrone.ru/catalog/rc_planes/top-rc/radioupravlyaemyy-samolet-top-rc-p-51d-750mm-24g-4-ch-lipo-rtf-top017c/;https://copterdrone.ru/copter/res/image/uploads/store/product/4534028ff1069561a8e6b2c08380f70f.jpg
Радиоуправляемый самолет Top RC P-51D синий 750мм 2.4G 4-ch LiPo RTF Top018C;14350 ₽;Радиоуправляемый боевой самолёт Соединенных Штатов Америки. Присуствует шасси. Установлен мощный бесколлекторный двигатель 1200 класса. Размах крыла - 75 см. 4 канала управления. Цвет - синий.;https://copterdrone.ru/catalog/rc_planes/top-rc/radioupravlyaemyy-samolet-top-rc-p-51d-siniy-750mm-24g-4-ch-lipo-rtf-top018c/;https://copterdrone.ru/copter/res/image/uploads/store/product/561fa64d552d2cb8d04157b42c88327a.jpg
Радиоуправляемый самолет Top RC Tempest 800мм 2.4G 4-ch LiPo RTF - top028C;14350 ₽;Радиоуправляемый военный, британский истребитель. Отличная детализация. Самолёт способен выполнять трюки высшего пилотажа. Размах крыла 80 см, а длина фюзеляжа 67,8 см. Двигатель и регулятор скорости бесколлекторные.;https://copterdrone.ru/catalog/rc_planes/top-rc/radioupravlyaemyy-samolet-top-rc-tempest-800mm-24g-4-ch-lipo-rtf-top028c/;https://copterdrone.ru/copter/res/image/uploads/store/product/51e527b68d6493516a5b37c9b58da40c.jpg
Радиоуправляемый самолет Volantex 757-6 Ranger G2 TW757-6-RTF;14590 ₽;Планер с возможностью установки FPV-оборудования, экшн-камеры. Размах крыла 1200 мм. Прочный и легкий корпус с ярким дизайном.;https://copterdrone.ru/catalog/rc_planes/radioupravlyaemyy-samolet-volantex-757-6-ranger-g2-tw757-6-rtf/;https://copterdrone.ru/copter/res/image/uploads/store/product/7886e0214277ab609a7c5b8e370d17af.jpg
Радиоуправляемый самолет Hubsan F22 RTF + HS001;14690 ₽;Оборудован камерой. Дальность до 300 метров. Время полета до 8 минут. GPS-навигация. Автоматический взлет.;https://copterdrone.ru/catalog/rc_planes/radioupravlyaemyy-samolet-hubsan-f22-rtf-hs001/;https://copterdrone.ru/copter/res/image/uploads/store/product/498aee57a25ddd985132e53d3dcc18ca.jpg
Радиоуправляемый самолет Hubsan H301F;14990 ₽;Среднегабаритный с транслирующей видеокамерой с разрешением 5MPx, выполнен из прочного материала;https://copterdrone.ru/catalog/rc_planes/hubsan_h301f/;https://copterdrone.ru/copter/res/images/hubsan_h301f_1.jpg
Радиоуправляемый самолет WLtoys 2.4G 6CH 3D | 6G RC - X450;15820 ₽;Это инновационный RC-самолет с 3 режимами полета: вертикальный полет/горизонтальный полет самолета 6G/полет с несколькими винтами.;https://copterdrone.ru/catalog/rc_planes/wltoys-fly/radioupravlyaemyy-samolet-wltoys-24g-6ch-3d-6g-rc-x450/;https://copterdrone.ru/copter/res/image/uploads/store/product/d94273553ab78771b420e2d7e4a90333.jpg
Радиоуправляемый самолет FreeWing Pandora KIT - FT30121K;16400 ₽;Радиоуправляемый самолет с размахом крыла 140 см. Вес модели составляет 1,5 кг, а длина 118 см. В наборе только самолет и фурнитура. Два вида шасси. Модель подойдет как для начинающих, так и для более опытных пользователей;https://copterdrone.ru/catalog/rc_planes/freewing/radioupravlyaemyy-samolet-freewing-pandora-kit-ft30121k/;https://copterdrone.ru/copter/res/image/uploads/store/product/8e606ae5adafa55524c1a8a1bacdb9e2.jpg
Радиоуправляемый самолет Top RC Cessna 182 400 class 2.4G 4-ch LiPo RTF top004C;16490 ₽;Радиоуправляемый самолёт общего назначения с охлаждением двигателя. Модель подходит как для начинающих за счет простоты в управлении, так и для более опытных пользователей, благодаря возможности выполнять трюки высшего пилотажа.;https://copterdrone.ru/catalog/rc_planes/top-rc/radioupravlyaemyy-samolet-top-rc-cessna-182-400-class-24g-4-ch-lipo-rtf-top004c/;https://copterdrone.ru/copter/res/image/uploads/store/product/f6b2f3b9b4febc18d9174239cbc1b307.jpg
Радиоуправляемый самолет Multiplex FUNMAN - MPX-264266;16490 ₽;Самолет на радиоуправлении, с размахом крыла 1 метр. Очень хорошая стабилизация, бесколлекторный двигатель, отличная маневренность и малый вес.;https://copterdrone.ru/catalog/rc_planes/multiplex/radioupravlyaemyy-samolet-multiplex-funman-mpx-264266/;https://copterdrone.ru/copter/res/image/uploads/store/product/12ddf63287625946c7092f6408aa13f5.jpg
Радиоуправляемый самолет HobbySky Extra 300 HS21000-RTF (orange);16990 ₽;KIT-набор для сборки модели самолета. Высокая детализация, изготовлен из ударопрочного и легкого EPО. 3D-пилотирование.;https://copterdrone.ru/catalog/rc_planes/radioupravlyaemyy-samolet-hobbysky-extra-300-hs21000-rtf-orange/;https://copterdrone.ru/copter/res/image/uploads/store/product/4e5982f6f8e720e801e0beaba8c2d2dd.jpg
Радиоуправляемый самолет Top RC FW190 1200мм 2.4G 6-ch LiPo RTF Top002C;17680 ₽;Радиоуправляемый немецкий самолет времен Второй мировой войны. Выполняет трюки высшего пилотажа благодаря 6-канальной системе управления. Присутствуют шасси, которые убираются в корпус самолёта. Двигатель бесколлекторный.;https://copterdrone.ru/catalog/rc_planes/top-rc/radioupravlyaemyy-samolet-top-rc-fw190-1200mm-24g-6-ch-lipo-rtf-top002c/;https://copterdrone.ru/copter/res/image/uploads/store/product/4f00843310dc73dbc876722f7632a051.jpg
Самолет Радиоуправляемый UMX Aero Commander BNF Basic with AS3X;17900 ₽;Модель легендарного самолёта, который покорил ни один десяток авиашоу! Потрясающие лётные характеристики в паре с мощными бесколлекторными моторами заставляют по настоящему удивиться, а система стабилизации AS3X позволяет пилоту делать завораживающие приёмы на радость себе и публике.;https://copterdrone.ru/catalog/rc_planes/samolet-radioupravlyaemyy-umx-aero-commander-bnf-basic-with-as3x/;https://copterdrone.ru/copter/res/image/uploads/store/product/29eb8f3da7b7a74a60ca584204cf4e4b.jpg
Радиоуправляемый самолет FreeWing Focke-Wulf FW-190 KIT - FLW204A;18045 ₽;Радиоуправляемый немецкий самолёт. Длина модели - 110 см, а размах крыла составляет 112 см. KIT набор, в составе только самолёт и необходимая фурнитура. Вес самолёта - 1,35 кг;https://copterdrone.ru/catalog/rc_planes/freewing/radioupravlyaemyy-samolet-freewing-focke-wulf-fw-190-kit-flw204a/;https://copterdrone.ru/copter/res/image/uploads/store/product/2def03a48cdbc0ba70a460364dcb961a.jpg
Радиоуправляемый планер Volantex RC Phoenix 2400мм Brushless PNP - EXA75903P;18080 ₽;Радиоуправляемый самолет Volantexrc Phoenix 2400 представляет собой большой планер с размахом крыльев 2,4 метра в комплектации PNP.;https://copterdrone.ru/catalog/rc_planes/volantex/radioupravlyaemyj-planer-volantex-rc-phoenix-2400mm-brushless-pnp/;https://copterdrone.ru/uploads/products/EXA75903K.jpg
Радиоуправляемый планер Volantex ASW28 TW759-1;18620 ₽;Размах крыла 2600 мм, корпус из EPO, бесколлекторный мотор. Полет до 10 минут без подзарядки, 6 каналов управления.;https://copterdrone.ru/catalog/rc_planes/radioupravlyaemyy-planer-volantex-asw28-tw759-1/;https://copterdrone.ru/copter/res/image/uploads/store/product/2be1baf8f09d0d206a92fa05a0551c50.jpg
Радиоуправляемый самолет планер Top RC SKY SURFER 2.4G 4-ch LiPo RTF Top069C;18690 ₽;Модель планера с задним расположением мотора, размах крыльев 140 см, готов к полету прямо из коробки. Долго держится в воздухе за счет восходящих потоков воздуха.;https://copterdrone.ru/catalog/rc_planes/top-rc/radioupravlyaemyy-samolet-planer-top-rc-sky-surfer-24g-4-ch-lipo-rtf-top069c/;https://copterdrone.ru/copter/res/image/uploads/store/product/c3befcba21df2ad212ecdba43f0d14ff.jpg
Радиоуправляемый самолет планер Top RC SKY SURFER 2.4G 4-ch LiPo RTF Top068C;18690 ₽;Модель планера с задним расположением мотора, размах крыльев 140 см, готов к полету прямо из коробки;https://copterdrone.ru/catalog/rc_planes/top-rc/radioupravlyaemyy-samolet-planer-top-rc-sky-surfer-24g-4-ch-lipo-rtf-top068c/;https://copterdrone.ru/copter/res/image/uploads/store/product/4caa4c17c0ca6e2149006228cc2e45b9.jpg
Радиоуправляемый самолет Top RC Cessna 182 400 Class Красный TOP003C 2.4Ghz;18990 ₽;Детализированный корпус. Время полета 7-14 минут. Фигуры высшего пилотажа. Бесколлекторный мотор.;https://copterdrone.ru/catalog/rc_planes/radioupravlyaemyy-samolet-top-rc-cessna-182-400-class-krasnyy/;https://copterdrone.ru/copter/res/image/uploads/store/product/08810a296f0aa0753401467ac5b17a08.jpg
Радиоуправляемый самолет Dynam Cessna 550 Turbo Jet DY8937;19490 ₽;Для опытных пилотов. Высокая детализация, изготовлен из EPP, скорость до 100 км/ч, время полета 6-10 минут, дальность до 1000 м.;https://copterdrone.ru/catalog/rc_planes/radioupravlyaemyy-samolet-dynam-cessna-550-turbo-jet-dy8937/;https://copterdrone.ru/copter/res/image/uploads/store/product/7ac3255af1037d750b136300974b1b23.jpg
Радиоуправляемый самолет Top RC Jet Star Pro импеллер 2.4G 4-ch LiPo RTF top089C;19590 ₽;Радиоуправляемый реактивный самолёт с бесколлекторным двигателем. Конструкция моторов - импеллерная. Модель способна выполнять трюки высшего пилотажа. Вес составляет всего 887 грамм. Ёмкость аккумулятора 2200 mAh.;https://copterdrone.ru/catalog/rc_planes/top-rc/radioupravlyaemyy-samolet-top-rc-jet-star-pro-impeller-24g-4-ch-lipo-rtf-top089c/;https://copterdrone.ru/copter/res/image/uploads/store/product/104749eef3e14f38da1ac99836180eba.jpg
Радиоуправляемый самолет Art-Tech СУ-27;19800 ₽;Детализированная копия истребителя СУ-27, фигуры высшего пилотажа, радиус до 800 метров;https://copterdrone.ru/catalog/rc_planes/art_tech_su_27/;https://copterdrone.ru/copter/res/images/art_tech_su_27_1.jpg
Радиоуправляемый самолет Top RC ST Beechcraft Bonanza V35 1280мм PNP - top085B;19890 ₽;Радиоуправляемый американский самолет с размахом крыла 1280 мм. Установлен качественный бесколлекторный двигатель. Высокая степень детализации. Регулятор скорости так же бесщёточный. Кит набор. Цвет голубой.;https://copterdrone.ru/catalog/rc_planes/top-rc/radioupravlyaemyy-samolet-top-rc-st-beechcraft-bonanza-v35-1280mm-pnp-top085b/;https://copterdrone.ru/copter/res/image/uploads/store/product/a33b43eb2fa94dde470afafc1ce97d3b.jpg
Радиоуправляемый самолет Top RC ST Beechcraft Bonanza A361280мм PNP - top086B;19890 ₽;Радиоуправляемый американский самолет с размахом крыла 1280 мм. Установлен качественный бесколлекторный двигатель. Высокая степень детализации. Регулятор скорости так же бесщёточный. Кит набор. Цвет фиолетовый;https://copterdrone.ru/catalog/rc_planes/top-rc/radioupravlyaemyy-samolet-top-rc-st-beechcraft-bonanza-a361280mm-pnp-top086b/;https://copterdrone.ru/copter/res/image/uploads/store/product/52c91c27eabe2d6ccc64f3b399746022.jpg
Самолет радиоуправляемый HobbyZone Sport Cub S 2 RTF (SAFE-технология);19900 ₽;Отличная модель, которая подойдёт как новичку,так и заядлом авиалюбителю - имеется три режима сложности полёта, исходя из вашей квалификации. Технология SAFE(Sensor Assisted Flight Envelope) отвечает за положение пространства модели, что позволит ещё лучше чувствовать управление. Комплектация Ready To Fly.;https://copterdrone.ru/catalog/rc_planes/samolet-radioupravlyaemyy-hobbyzone-sport-cub-s-2-rtf-safe-tehnologiya/;https://copterdrone.ru/copter/res/image/uploads/store/product/adbb8ff58526c4eb4c16f9ad32afb69e.jpg
Радиоуправляемая модель самолёта Multiplex RR FunRacer Orange Edition PNP - MPX-1-00518;19990 ₽;Превосходный яркий самолёт для настоящих любителей авиамоделей. Специальный материал Elapor гораздо более технологичней и универсальней чем привычный EPO. Невероятные виражи на скорости 190 км/ч никого не оставят равнодушым!;https://copterdrone.ru/catalog/rc_planes/multiplex/radioupravlyaemaya-model-samolyota-multiplex-rr-funracer-orange-edition-pnp-mpx-1-00518/;https://copterdrone.ru/copter/res/image/uploads/store/product/7f5d3c5984c09e776b815cf1ea197b1d.jpg
Радиоуправляемый самолет Multiplex FUNCUB NG blue KIT - MPX-1-01525;19990 ₽;Самолет на радиоуправлении, с размахом крыла 1 метр. Очень хорошая стабилизация, бесколлекторный двигатель, отличная маневренность и малый вес.;https://copterdrone.ru/catalog/rc_planes/multiplex/radioupravlyaemyy-samolet-multiplex-funcub-ng-blue-kit-mpx-1-01525/;https://copterdrone.ru/copter/res/image/uploads/store/product/b3f0f6a4b204fd3b2af1216f6233c790.jpg
Радиоуправляемый самолет XK 6G Boeing 787 - XK-A170;19990 ₽;Радиоуправляемый самолет XK 6G Boeing 787 - XK-A170- это четырехканальный самолет, который создан по образцу Boeing 787 и оснащен системами 3D и 6G для повышения устойчивости. Изготовлен из материала EPO, обладает хорошей ударопрочностью и устойчивостью к деформации. С низким сваливанием, плавным полетом, легким управлением качения, перевернутым полетом, сальто и другими характеристиками - идеальный выбор для начинающих и опытных любителей.;https://copterdrone.ru/catalog/rc_planes/xk-innovation-fly/radioupravlyaemyy-samolet-xk-6g-boeing-787-xk-a170/;https://copterdrone.ru/copter/res/image/uploads/store/product/c92e6d9fa05ceb663c67013504b5f9a4.jpg
Радиоуправляемый самлет планер Volantex RC PhoenixS 1600мм Brushless 4ch LiPo RTF 2.4G - EXA74207R;19990 ₽;Большой самолет от Volantex RC с размахом крыльев в 1,6 метра. Материал - EPO. Требуется предварительная установка крыльев. Планер стабилен в полете, есть встроенный 6-осевой гироскоп. Цвет - белый с чёрным и красным.;https://copterdrone.ru/catalog/rc_planes/volantex/radioupravlyaemyy-samlet-planer-volantex-rc-phoenixs-1600mm-brushless-4ch-lipo-rtf-24g-exa74207r/;https://copterdrone.ru/copter/res/image/uploads/store/product/279e88ba7ff7e6c21d5f77e76ead79e5.jpg
Радиоуправляемый планер Top RC Swift (EDF Power System) 1200мм PNP - Top041B;20290 ₽;Планер TOP-RC Swift имеет размах крыльев 1200 мм и мощную силовую установку EDF. Все это позволяет ему развивать скорость до 160 км/ч. Большой размах крыльев и оригинальная конструкция дает возможность планеру легко маневрировать в воздушных потоках.;https://copterdrone.ru/catalog/rc_planes/volantex/radioupravlyaemyj-planer-top-rc-swift--edf-power-system--1200mm-pnp/;https://copterdrone.ru/uploads/products/top041C.jpg
Радиоуправляемый самолет планер Top RC Lightning V1 2.4G 4-ch LiPo RTF Top35C;20490 ₽;Модель планера с задним расположением мотора, размах крыльев 140 см, готов к полету прямо из коробки. Долго держится в воздухе за счет восходящих потоков воздуха.;https://copterdrone.ru/catalog/rc_planes/top-rc/radioupravlyaemyy-samolet-planer-top-rc-lightning-v1-24g-4-ch-lipo-rtf-top35c/;https://copterdrone.ru/copter/res/image/uploads/store/product/9eee3cf15a644521bbb5e5deab7ad700.jpg
Радиоуправляемый планер Multiplex RR FunGlider PNP MPX-264273;20990 ₽;Маневренный планер, корпус из Elapor, размах крыла 1300 мм. Бесколлекторный мотор. Полет 20 минут. 3D-пилотаж.;https://copterdrone.ru/catalog/rc_planes/radioupravlyaemyy-planer-multiplex-rr-funglider-pnp-mpx-264273/;https://copterdrone.ru/copter/res/image/uploads/store/product/da4dfe8c157f87ca942685fe391bf6b8.jpg
Радиоуправляемый самолет Joysway Dragonfly Mode 2 JS6302V2;21360 ₽;Гидросамолет, взлет с воды и с земли. Улучшенная версия. Прочный и легкий герметичный корпус с люком на магнитах. RTF - готов к полету. Размах крыла 70 см. Длина 70 см;https://copterdrone.ru/catalog/rc_planes/radioupravlyaemyy-samolet-joysway-dragonfly-mode-2-js6302v2/;https://copterdrone.ru/copter/res/image/uploads/store/product/7e27a50578bb4fe7c38e364d8268d464.jpg
Радиоуправляемый планер Volantex RC Ranger 2400мм KIT - EXA75709K;22190 ₽;"Радиоуправляемый самолет Volantexrc Ranger 2400&nbsp;представляет собой большой планер с размахом крыльев 2,4 метра в комплектации KIT.";https://copterdrone.ru/catalog/rc_planes/volantex/radioupravlyaemyj-planer-volantex-rc-ranger-2400mm-kit/;https://copterdrone.ru/uploads/products/EXA75709K.jpg
Радиоуправляемый самолет Top RC Cessna 182 2.4G 4-ch LiPo RTF Top057C;22290 ₽;Модель планера с задним расположением мотора, размах крыльев 140 см, готов к полету прямо из коробки. Долго держится в воздухе за счет восходящих потоков воздуха.;https://copterdrone.ru/catalog/rc_planes/top-rc/radioupravlyaemyy-samolet-top-rc-cessna-182-24g-4-ch-lipo-rtf-top057c/;https://copterdrone.ru/copter/res/image/uploads/store/product/1100f6896195de50dd7ee0745a4ae099.jpg
Радиоуправляемый самолет Top RC Cessna 182 красный 2.4G 4-ch LiPo RTF Top056C;22290 ₽;Модель планера с задним расположением мотора, размах крыльев 140 см, готов к полету прямо из коробки. Долго держится в воздухе за счет восходящих потоков воздуха.;https://copterdrone.ru/catalog/rc_planes/top-rc/radioupravlyaemyy-samolet-top-rc-cessna-182-krasnyy-24g-4-ch-lipo-rtf-top056c/;https://copterdrone.ru/copter/res/image/uploads/store/product/2fdc1035d602d39b0a09cf986be6a07d.jpg
Радиоуправляемый планер Top RC T1800 (Propeller Power System) 1800мм 2.4G RTF - top091C;22350 ₽;Радиоуправляемый планер с размахом крыла 1,8 метров! Способен развивать высокие скорости., благодаря мощному бесколлекторному двигателю. Аккумулятор LiPo с объёмом 2200 mAh.;https://copterdrone.ru/catalog/rc_planes/top-rc/radioupravlyaemyy-planer-top-rc-t1800-propeller-power-system-1800mm-24g-rtf-top091c/;https://copterdrone.ru/copter/res/image/uploads/store/product/deeea665cb1d9157d9a45c0ed7ec8ed6.jpg
Радиоуправляемый самолет планер Volantex RC Phoenix V2 2000мм Brushless 5ch RTF 2.4G - EXA75902R;22670 ₽;Большой самолет от Volantex RC с размахом крыльев в 2 метра. Материал - EPO, пластик. Требуется предварительная сборка, не требующая дополнительных инструментов. Планер стабилен в полете, прост в сборке и надежен. Цвет - белый с чёрным и красным.;https://copterdrone.ru/catalog/rc_planes/volantex/radioupravlyaemyy-samolet-planer-volantex-rc-phoenix-v2-2000mm-brushless-5ch-rtf-24g-exa75902r/;https://copterdrone.ru/copter/res/image/uploads/store/product/166db5cf167d151d650bc30d455f02d0.jpg
Радиоуправляемый самолет Top RC Cessna 182 синяя 1410мм 2.4G 6-ch LiPo RTF top095C;23490 ₽;Модель планера с задним расположением мотора, размах крыльев 140 см, готов к полету прямо из коробки. 6-ти канальная аппаратура и приемник. Бесколлекторный регулятор скокрости на 30 ампер;https://copterdrone.ru/catalog/rc_planes/top-rc/radioupravlyaemyy-samolet-top-rc-cessna-182-sinyaya-1410mm-24g-6-ch-lipo-rtf-top095c/;https://copterdrone.ru/copter/res/image/uploads/store/product/dfa2025b317d28e0538d4e53a3db2d8f.jpg
Радиоуправляемый самолет Top RC Riot Pro 2.4G 4-ch LiPo RTF Top049E;23590 ₽;Материал корпуса EPOFLEXY копийного типа, мощный бесколлекторный мотор, алюминиевое шасси. Размах крыла - 140 см;https://copterdrone.ru/catalog/rc_planes/top-rc/radioupravlyaemyy-samolet-top-rc-riot-pro-24g-4-ch-lipo-rtf-top049e/;https://copterdrone.ru/copter/res/image/uploads/store/product/241e23d8e514571bae4427b7658955d8.jpg
Радиоуправляемый самолет Top RC THUNDER PRO красный 1380 мм 2.4G RTF - TOP087C;23590 ₽;Самолет от Top RC Hobby. Крупная, яркая и заметная при полетах модель. Изготовлена из легкого и прочного EPO, подходит для освоения разных фигур пилотажа. Цвет - красный и белый с синими декалями.;https://copterdrone.ru/catalog/rc_planes/top-rc/radioupravlyaemyy-samolet-top-rc-thunder-pro-krasnyy-1380-mm-24g-rtf-top087c/;https://copterdrone.ru/copter/res/image/uploads/store/product/a162b0c1ba0e6b947e7d4e7f4ab039a6.jpg
Радиоуправляемый самолет Art-Tech Cessna 182;23900 ₽;Трехлопастной винт и бесколлекторный мотор с высоким моментом, виртуальный тренажер;https://copterdrone.ru/catalog/rc_planes/art_tech_cessna_182/;https://copterdrone.ru/copter/res/images/art_tech_cessna_182_1.jpg
Радиоуправляемый самолет Hubsan H301S FPV;23950 ₽;Крупногабаритная модель с бесколлекторным мотором и FullHD транслицией на пульт с 3.5 дюймовым монитором;https://copterdrone.ru/catalog/rc_planes/hubsan_h301s_fpv/;https://copterdrone.ru/copter/res/images/hubsan_h301s_fpv_1.jpg
Радиоуправляемый самолет планер Volantex RC Ranger 1600мм Brushless 4ch RTF 2.4G- EXA75707R;24390 ₽;Планер для новичков с 4-х канальным управлением. Установлен 6-осевой гироскоп и бесколлекторный двигатель 2212/1400KV. Аккумулятор 3-баночный LiPo объёмом 2200 mAh, время полета до 15 минут.;https://copterdrone.ru/catalog/rc_planes/volantex/radioupravlyaemyy-samolet-planer-volantex-rc-ranger-1600mm-brushless-4ch-rtf-24g-exa75707r/;https://copterdrone.ru/copter/res/image/uploads/store/product/297b59588b1b954957c500746cda63a3.jpg
Радиоуправляемый самолет планер Volantex RC ASW28 2600мм Brushless 5 ch RTF 2.4G - EXA75901R;26190 ₽;Большой самолет от Volantex RC с размахом крыльев в 2,6 метра. Материал - EPO. Требуется предварительная сборка, не требующая дополнительных инструментов. Планер стабилен в полете, прост в сборке и надежен. Цвет - белый с чёрным и красным.;https://copterdrone.ru/catalog/rc_planes/volantex/radioupravlyaemyy-samolet-planer-volantex-rc-asw28-2600mm-brushless-5-ch-rtf-24g-exa75901r/;https://copterdrone.ru/copter/res/image/uploads/store/product/8d096528bbc3291d21af9c89757a3ed2.jpg
Радиоуправляемый планер JXD Glider GPS JXD525;26590 ₽;HD-камера 720р, FPV-трансляция 5.8G на смартфон. Дальность 500 метров. Полет до 40 минут. GPS. Автовзлет и посадка. RTF - готов к полету. Размах крыла 115 см. Аккумулятор LiPo 11.1V 2700mAh;https://copterdrone.ru/catalog/rc_planes/radioupravlyaemyy-planer-jxd-glider-gps-jxd525/;https://copterdrone.ru/copter/res/image/uploads/store/product/b103c0367f23c47d2365428aa4f7a843.jpg
Радиоуправляемый самолет Volantex RC Trainstar Ascent 1400мм Brushless 2.4G LiPo RTF with Gyro EXA74708R;26990 ₽;Радиоуправляемый самолёт для новичков и более опытных пользователей. Установлен 6-осевой гироскоп и бесколлекторный двигатель. Аккумулятор 3-баночный LiPo объёмом 2200 mAh, время игры 15 минут. Вес модели - 820 грамм.;https://copterdrone.ru/catalog/rc_planes/volantex/radioupravlyaemyy-samolet-volantex-rc-trainstar-ascent-1400mm-brushless-24g-lipo-rtf-with-gyro-exa74708r/;https://copterdrone.ru/copter/res/image/uploads/store/product/f9be0e1f2bf1a8036d71560895c1687d.jpg
Радиоуправляемый самолет FreeWing Focke-Wulf Ta 152H PNP - FLW205P;27680 ₽;Радиоуправляемый перехватчик с размахом крыла 130 см! Использовался преимущественно во времена Второй Мировой Войны. Двигатель бесколлекторный. Регулятор оборотов - 60А;https://copterdrone.ru/catalog/rc_planes/freewing/radioupravlyaemyy-samolet-freewing-focke-wulf-ta-152h-pnp-flw205p/;https://copterdrone.ru/copter/res/image/uploads/store/product/0808f8edd6a0383d113f07bd2989561f.jpg
Радиоуправляемый самолет Volantex RC RangerEX 2000mm Brushless PNP - EXA75703P;28290 ₽;Большой радиоуправляемый планер VolantexRC Ranger EX с задним расположением пропеллера и размахом крыла 2 метра в комплектации PNP. Самолет Volantex Ranger EX создавался как база для установки FPV оборудования.;https://copterdrone.ru/catalog/rc_planes/volantex/radioupravlyaemyy-samolet-volantex-rc-rangerex-2000mm-brushless-pnp-exa75703p/;https://copterdrone.ru/uploads/products/radioupravlyayemyy_samolet_volantex_rc_rangerex_2000mm_brushless_pnp_649f9e4631fa5_5328_big.jpg
Радиоуправляемый самолет Top RC B17 1875мм PNP - top073B;28650 ₽;Радиоуправляемый военный четырехмоторный самолет-бомбардировщик. Сделан из легкого и прочного материла EPO. Установлены 4 бесколлекторных двигателя. Размах крыла 1875 мм, а длина фюзеляжа 1350 мм.;https://copterdrone.ru/catalog/rc_planes/top-rc/radioupravlyaemyy-samolet-top-rc-b17-1875mm-pnp-top073b/;https://copterdrone.ru/copter/res/image/uploads/store/product/41f3038712e67a6287fa6d9fd9ff6b3d.jpg
Радиоуправляемый самолет планер Top RC Lightning V2 2.4G 4-ch LiPo RTF Top050C;28790 ₽;Большой планер - размах крыльев 150 см, готов к полету прямо из коробки. Долго держится в воздухе за счет восходящих потоков воздуха. Модульная сборка, прочные крылья и фюзеляж;https://copterdrone.ru/catalog/rc_planes/top-rc/radioupravlyaemyy-samolet-planer-top-rc-lightning-v2-24g-4-ch-lipo-rtf-top050c/;https://copterdrone.ru/copter/res/image/uploads/store/product/7ace873bb3095dd2e76c1b39c768d1e3.jpg
Радиоуправляемый самолет планер Top RC Swift 2.4G 4-ch LiPo RTF Top041C;28790 ₽;Скорость полета до 160 км/ч, мощный бесколлекторный мотор, прочный материал EPO. Размах крыла - 120 см;https://copterdrone.ru/catalog/rc_planes/top-rc/radioupravlyaemyy-samolet-planer-top-rc-swift-24g-4-ch-lipo-rtf-top041c/;https://copterdrone.ru/copter/res/image/uploads/store/product/a7779741722d2b67ef919ec6633404f9.jpg
Радиоуправляемый самолет Volantex 747-8 Trainstar Ascent RTF 2.4G - TW747-8-RTF;29295 ₽;Большой самолет от Volantex RC с размахом крыльев в 1,4 метра. Стабилен в полете, прост в сборке и надежен. В комплекте - электродвигатель 4023/1050KV, регулятор оборотов, 4 сервомашинки 9 г. Цвет планера - белый с чёрным и красным.;https://copterdrone.ru/catalog/rc_planes/volantex/radioupravlyaemyy-samolet-volantex-747-8-trainstar-ascent-rtf-24g-tw747-8-rtf/;https://copterdrone.ru/copter/res/image/uploads/store/product/0cc413c6961e8d7d9e80febd84f2c292.jpg
Радиоуправляемый планер Volantex RC Ranger 2400мм KIT - EXA75709P;29590 ₽;Радиоуправляемый самолет Volantexrc Ranger 2400 представляет собой большой планер с размахом крыльев 2,4 метра в комплектации KIT.;https://copterdrone.ru/catalog/rc_planes/volantex/radioupravlyaemyj-planer-volantex-rc-ranger-2400mm-kit/;https://copterdrone.ru/uploads/products/EXA75709K.jpg
Самолет Радиоуправляемый HobbyZone Mini Apprentice RTF (SAFE технология);29900 ₽;Несмотря на впечатляющие размеры - размах крыла более метра и мощный бесколлеткорный двигатель 370 класса, модель отлично подойдёт для новичков. Благодаря запатентованной технологии SAFE, модель отлично ощущает себя в пространстве и позволяет испытывать удовольствие от управление уже с первых минут.;https://copterdrone.ru/catalog/rc_planes/samolet-radioupravlyaemyy-hobbyzone-mini-apprentice-rtf-safe-tehnologiya/;https://copterdrone.ru/copter/res/image/uploads/store/product/4b92a9fd8e7ab5bc54ce611023cc6c10.jpg
Радиоуправляемый самолет FreeWing F-35 Lightning II (New) PNP - FJ21612P;31560 ₽;Радиоуправляемый американский истребитель. Размах крыла - 80 см. Дивгатель установлен бесколлекторный. Отличная детализация. Шасси для взлёта и посадки;https://copterdrone.ru/catalog/rc_planes/freewing/radioupravlyaemyy-samolet-freewing-f-35-lightning-ii-new-pnp-fj21612p/;https://copterdrone.ru/copter/res/image/uploads/store/product/3bdc72f1a0e44707dcdfd62d3e87285d.jpg
Самолет Радиоуправляемый HobbyZone Carbon Cub S 2 1.3m Ready To Fly;36990 ₽;Яркий, потрясающе технологичный самолёт сможет освоить даже новичок! Технология SAFE (Sensor Assisted Flight Envelope) позволит выполнять высшие фигуры пилотажа без риска разбить модель. Комплектация Ready To Fly.;https://copterdrone.ru/catalog/rc_planes/samolet-radioupravlyaemyy-hobbyzone-carbon-cub-s-2-13m-ready-to-fly/;https://copterdrone.ru/copter/res/image/uploads/store/product/c8591cced1178395f2aab882c9d2677a.jpg
