Название;Цена;ссылка
Miss to Kiss (Костюм );9 900;https://www.lamoda.ru/p/mp002xw1clgf/clothes-misstokiss-kostyum/
To Be Blossom (Костюм );21 990;https://www.lamoda.ru/p/mp002xw0kh6y/clothes-tobeblossom-kostyum/
Odalia (Костюм );19 300 ₽;https://www.lamoda.ru/p/mp002xw08j0z/clothes-odalia-kostyum/
Barmariska (Костюм трикотажный);10 499;https://www.lamoda.ru/p/mp002xw0emgv/clothes-barmariska-kostyum/
To Be Blossom (Костюм );17 990;https://www.lamoda.ru/p/mp002xw1290z/clothes-tobeblossom-kostyum/
Aqyou (Костюм );9 450;https://www.lamoda.ru/p/mp002xw0osg9/clothes-aqyou-kostyum/
Rene Santi (Костюм );14 899;https://www.lamoda.ru/p/rtladd217601/clothes-renesanti-kostyum/
Barmariska (Костюм трикотажный);10 499;https://www.lamoda.ru/p/mp002xw0emh2/clothes-barmariska-kostyum/
Abrazo (Костюм );4 900 ₽;https://www.lamoda.ru/p/mp002xw19vbh/clothes-abrazo-kostyum/
Rene Santi (Костюм );15 299;https://www.lamoda.ru/p/rtladd216301/clothes-renesanti-kostyum/
To Be Blossom (Костюм );19 990;https://www.lamoda.ru/p/mp002xw0l7km/clothes-tobeblossom-kostyum/
Ptaxx (Костюм );15 000;https://www.lamoda.ru/p/mp002xw0lkb0/clothes-ptaxx-kostyum/
Barmariska (Костюм трикотажный);10 499;https://www.lamoda.ru/p/mp002xw0eme5/clothes-barmariska-kostyum/
Odalia (Костюм );19 300 ₽;https://www.lamoda.ru/p/mp002xw08j10/clothes-odalia-kostyum/
99Colorspace (Костюм Сатурн);9 890 ₽;https://www.lamoda.ru/p/mp002xw0odoe/clothes-99colorspace-kostyum/
Pink Orange (Костюм );15 799;https://www.lamoda.ru/p/rtlacw703101/clothes-pinkorange-kostyum/
Ptaxx (Костюм );9 900;https://www.lamoda.ru/p/mp002xw12atl/clothes-ptaxx-kostyum/
Moxow (Костюм );11 400;https://www.lamoda.ru/p/mp002xw0ontj/clothes-moxow-kostyum/
Vladi Collection (Костюм );15 900;https://www.lamoda.ru/p/mp002xw14pgt/clothes-vladicollection-kostyum/
Ptaxx (Костюм );9 900;https://www.lamoda.ru/p/mp002xw12ato/clothes-ptaxx-kostyum/
Твое (Костюм вязаный );3 299;https://www.lamoda.ru/p/mp002xw0p9ef/clothes-tvoe-kostyum-vyazanyy/
99Colorspace (Костюм Дания);9 290 ₽;https://www.lamoda.ru/p/mp002xw0odoo/clothes-99colorspace-kostyum/
Diverius (Костюм );14 699;https://www.lamoda.ru/p/rtlacy104101/clothes-diverius-kostyum/
Naturel (Костюм );10 000;https://www.lamoda.ru/p/mp002xw0j66d/clothes-naturel-kostyum/
Moki (Костюм );13 599;https://www.lamoda.ru/p/rtlacv223501/clothes-moki-kostyum/
Abrazo (Костюм );4 900 ₽;https://www.lamoda.ru/p/mp002xw19z8s/clothes-abrazo-kostyum/
Perles (Костюм );6 490 ₽;https://www.lamoda.ru/p/mp002xw14ovf/clothes-perles-kostyum/
99Colorspace (Костюм Сатурн);9 890 ₽;https://www.lamoda.ru/p/mp002xw0oc84/clothes-99colorspace-kostyum/
To Be Blossom (Костюм вязаный );24 990 ₽;https://www.lamoda.ru/p/mp002xw0trsc/clothes-tobeblossom-kostyum-vyazanyy/
99Colorspace (Костюм );9 290 ₽;https://www.lamoda.ru/p/mp002xw0od6j/clothes-99colorspace-kostyum/
Bloom Story (Костюм );5 999;https://www.lamoda.ru/p/mp002xw0z2py/clothes-bloomstory-kostyum/
Milanika (Костюм );4 399 ₽;https://www.lamoda.ru/p/mp002xw0p3ot/clothes-milanika-kostyum/
Diverius (Костюм );14 399;https://www.lamoda.ru/p/rtlacm353301/clothes-diverius-kostyum/
Moona Store (Костюм );18 199;https://www.lamoda.ru/p/rtlacy710601/clothes-moonastore-kostyum/
To Be Blossom (Костюм );19 990;https://www.lamoda.ru/p/mp002xw0ke8u/clothes-tobeblossom-kostyum/
99Colorspace (Костюм Дания);9 290 ₽;https://www.lamoda.ru/p/mp002xw0oc7i/clothes-99colorspace-kostyum/
To Be Blossom (Костюм );16 990 ₽;https://www.lamoda.ru/p/mp002xw0mnpg/clothes-tobeblossom-kostyum/
TrendyAngel (Костюм );9 999 ₽;https://www.lamoda.ru/p/mp002xw0oyqr/clothes-trendyangel-kostyum/
Vivawool (Костюм );28 800;https://www.lamoda.ru/p/xd001xw00g5c/clothes-vivawool-kostyum/
Evdokia (Костюм );15 990 ₽;https://www.lamoda.ru/p/mp002xw0day8/clothes-evdokia-kostyum/
Ptaxx (Костюм );15 000;https://www.lamoda.ru/p/mp002xw0lkay/clothes-ptaxx-kostyum/
Barmariska (Костюм трикотажный);10 499;https://www.lamoda.ru/p/mp002xw0emh9/clothes-barmariska-kostyum/
Aaquamarina (Костюм );14 599;https://www.lamoda.ru/p/rtlacy444001/clothes-aaquamarina-kostyum/
99Colorspace (Костюм Портофино);15 900 ₽;https://www.lamoda.ru/p/mp002xw0jd3p/clothes-99colorspace-kostyum/
Ptaxx (Костюм );9 900;https://www.lamoda.ru/p/mp002xw12atn/clothes-ptaxx-kostyum/
Milanika (Костюм );4 499 ₽;https://www.lamoda.ru/p/mp002xw16ckt/clothes-milanika-kostyum/
Be a crush girl (Костюм );14 999;https://www.lamoda.ru/p/rtlacz805001/clothes-beacrushgirl-kostyum/
Odalia (Костюм );17 000;https://www.lamoda.ru/p/mp002xw045cl/clothes-odalia-kostyum/
Francesca Peretti (Костюм );15 399;https://www.lamoda.ru/p/rtlacy709301/clothes-francescaperetti-kostyum/
Evdokia (Костюм );15 990 ₽;https://www.lamoda.ru/p/mp002xw0dayh/clothes-evdokia-kostyum/
TrendyAngel (Костюм );10 999 ₽;https://www.lamoda.ru/p/mp002xw127nv/clothes-trendyangel-kostyum/
99Colorspace (Костюм Портофино);15 900 ₽;https://www.lamoda.ru/p/mp002xw0je95/clothes-99colorspace-kostyum/
Ksi Ksi (Костюм );8 800 ₽;https://www.lamoda.ru/p/mp002xw157d5/clothes-ksiksi-kostyum/
Perles (Костюм );5 390 ₽;https://www.lamoda.ru/p/mp002xw14rud/clothes-perles-kostyum/
Perles (Костюм вязаный );6 290 ₽;https://www.lamoda.ru/p/mp002xw171r1/clothes-perles-kostyum-vyazanyy/
Pink Orange (Костюм );13 299;https://www.lamoda.ru/p/rtlacw707001/clothes-pinkorange-kostyum/
Martlet (Костюм );5 690;https://www.lamoda.ru/p/mp002xw0l88p/clothes-martlet-kostyum/
Perles (Костюм вязаный );5 390 ₽;https://www.lamoda.ru/p/mp002xw14rui/clothes-perles-kostyum-vyazanyy/
99Colorspace (Костюм Сатурн);9 890 ₽;https://www.lamoda.ru/p/mp002xw0odop/clothes-99colorspace-kostyum/
Dansanti (Костюм );13 899;https://www.lamoda.ru/p/rtlada917601/clothes-dansanti-kostyum/
Vladi Collection (Костюм );15 900;https://www.lamoda.ru/p/mp002xw14pgu/clothes-vladicollection-kostyum/
Indiano Natural (Костюм );6 500 ₽;https://www.lamoda.ru/p/mp002xw1cp70/clothes-indianonatural-kostyum/
Miss Chic (Костюм );13 800 ₽;https://www.lamoda.ru/p/mp002xw0jzwy/clothes-misschic-kostyum/
Fors (Костюм );12 590 ₽;https://www.lamoda.ru/p/mp002xw0oy5n/clothes-fors-kostyum/
Wooly’s (Костюм Deluxe);12 990 ₽;https://www.lamoda.ru/p/mp002xw08byg/clothes-woolys-kostyum/
Theone by Svetlana Ermak (Костюм HOOD);36 000 ₽;https://www.lamoda.ru/p/mp002xw0prz0/clothes-theonebysvetlanaermak-kostyum/
Odalia (Костюм );15 600 ₽;https://www.lamoda.ru/p/mp002xw08j11/clothes-odalia-kostyum/
Voluminous (Костюм BRIT);18 600 ₽;https://www.lamoda.ru/p/mp002xw0euzi/clothes-volumnous-kostyum/
Naturel (Костюм );8 400 ₽;https://www.lamoda.ru/p/mp002xw09z2j/clothes-naturel-kostyum/
Theone by Svetlana Ermak (Костюм HOOD);36 000 ₽;https://www.lamoda.ru/p/mp002xw0pryj/clothes-theonebysvetlanaermak-kostyum/
Moxow (Костюм );9 500;https://www.lamoda.ru/p/mp002xw0onwk/clothes-moxow-kostyum/
Moxow (Костюм );11 400;https://www.lamoda.ru/p/mp002xw0onuu/clothes-moxow-kostyum/
Alisia Hit (Костюм );12 500;https://www.lamoda.ru/p/mp002xw1ghdj/clothes-alisiahit-kostyum/
Onze (Костюм );8 000;https://www.lamoda.ru/p/mp002xw0aqb8/clothes-onze-kostyum/
Woman eGo (Костюм );9 600;https://www.lamoda.ru/p/mp002xw0lbe7/clothes-womanego-kostyum/
Viaville (Костюм );12 360;https://www.lamoda.ru/p/mp002xw0bexx/clothes-viaville-kostyum/
To Be Blossom (Костюм );18 990;https://www.lamoda.ru/p/mp002xw15txa/clothes-tobeblossom-kostyum/
Lawwa (Костюм );16 799;https://www.lamoda.ru/p/rtlacy645101/clothes-lawwa-kostyum/
Elsi (Костюм );13 199;https://www.lamoda.ru/p/rtlacb386701/clothes-elsi-kostyum/
Milanika (Костюм );4 499 ₽;https://www.lamoda.ru/p/mp002xw0p3p3/clothes-milanika-kostyum/
Lawwa (Костюм );16 099;https://www.lamoda.ru/p/rtlacy643001/clothes-lawwa-kostyum/
Fors (Костюм );12 290;https://www.lamoda.ru/p/mp002xw04t1h/clothes-fors-kostyum/
To Be Blossom (Костюм );18 990;https://www.lamoda.ru/p/mp002xw0oq2n/clothes-tobeblossom-kostyum/
Diverius (Костюм );14 699;https://www.lamoda.ru/p/rtlacy101101/clothes-diverius-kostyum/
Abrazo (Костюм );4 900 ₽;https://www.lamoda.ru/p/mp002xw19vbk/clothes-abrazo-kostyum/
Diverius (Костюм );15 099;https://www.lamoda.ru/p/rtlacu547001/clothes-diverius-kostyum/
Sandrine (Костюм );11 000;https://www.lamoda.ru/p/mp002xw0tphw/clothes-sandrine-kostyum/
Odalia (Костюм вязаный );20 300 ₽;https://www.lamoda.ru/p/mp002xw0oep8/clothes-odalia-kostyum-vyazanyy/
Sandrine (Костюм );5 788;https://www.lamoda.ru/p/mp002xw1a1ut/clothes-sandrine-kostyum/
Milanika (Костюм );4 999 ₽;https://www.lamoda.ru/p/mp002xw0p3pa/clothes-milanika-kostyum/
Milanika (Костюм );4 399 ₽;https://www.lamoda.ru/p/mp002xw0p3oz/clothes-milanika-kostyum/
Winzor (Костюм );14 899;https://www.lamoda.ru/p/rtlada700301/clothes-winzor-kostyum/
Milanika (Костюм );4 399 ₽;https://www.lamoda.ru/p/mp002xw0p3ox/clothes-milanika-kostyum/
Abrazo (Костюм );4 900 ₽;https://www.lamoda.ru/p/mp002xw19vbp/clothes-abrazo-kostyum/
Mon-Kartis (Костюм );14 899;https://www.lamoda.ru/p/rtlada962801/clothes-monkartis-kostyum/
Fragarika (Костюм );13 999;https://www.lamoda.ru/p/rtlade905301/clothes-fragarika-kostyum/
Milanika (Костюм );4 399 ₽;https://www.lamoda.ru/p/mp002xw0p3oy/clothes-milanika-kostyum/
Chic de Femme (Костюм );16 999;https://www.lamoda.ru/p/rtlacd818001/clothes-chicdefemme-kostyum/
Vivawool (Костюм );27 998;https://www.lamoda.ru/p/xd001xw00g58/clothes-vivawool-kostyum/
Moxow (Костюм );8 900;https://www.lamoda.ru/p/mp002xw0onvx/clothes-moxow-kostyum/
Ptaxx (Костюм );9 900;https://www.lamoda.ru/p/mp002xw0trt5/clothes-ptaxx-kostyum/
Milanika (Костюм );4 399 ₽;https://www.lamoda.ru/p/mp002xw0p3ov/clothes-milanika-kostyum/
Izabella (Костюм );13 999;https://www.lamoda.ru/p/rtladb984601/clothes-izabella-kostyum/
Odalia (Костюм );19 800 ₽;https://www.lamoda.ru/p/mp002xw1cgqo/clothes-odalia-kostyum/
Marselesa (Костюм );18 599;https://www.lamoda.ru/p/rtladb549001/clothes-marselesa-kostyum/
Manera Odevatca (Костюм );13 500;https://www.lamoda.ru/p/mp002xw0l5r7/clothes-maneraodevatca-kostyum/
Manera Odevatca (Костюм );12 500 ₽;https://www.lamoda.ru/p/mp002xw0oa3h/clothes-maneraodevatca-kostyum/
Perles (Костюм вязаный );6 290 ₽;https://www.lamoda.ru/p/mp002xw171r0/clothes-perles-kostyum-vyazanyy/
Elsi (Костюм );11 399;https://www.lamoda.ru/p/rtlacq193501/clothes-elsi-kostyum/
MaryTes (Костюм );7 160;https://www.lamoda.ru/p/mp002xw192h8/clothes-marytes-kostyum/
To Be Blossom (Костюм вязаный );24 990 ₽;https://www.lamoda.ru/p/mp002xw0trsa/clothes-tobeblossom-kostyum-vyazanyy/
TrendyAngel (Костюм );9 999 ₽;https://www.lamoda.ru/p/mp002xw0oyqm/clothes-trendyangel-kostyum/
Perles (Костюм вязаный );6 290 ₽;https://www.lamoda.ru/p/mp002xw171r3/clothes-perles-kostyum-vyazanyy/
Perles (Костюм );6 490 ₽;https://www.lamoda.ru/p/mp002xw14nx4/clothes-perles-kostyum/
99Colorspace (Костюм Сатурн);9 890 ₽;https://www.lamoda.ru/p/mp002xw0oc7d/clothes-99colorspace-kostyum/
99Colorspace (Костюм Меридиан);15 100 ₽;https://www.lamoda.ru/p/mp002xw0orsr/clothes-99colorspace-kostyum/
Indiano Natural (Костюм );7 500 ₽;https://www.lamoda.ru/p/mp002xw14qgx/clothes-indianonatural-kostyum/
Valoris (Костюм );8 200;https://www.lamoda.ru/p/mp002xw0j0ww/clothes-valoris-kostyum/
Milanika (Костюм );4 999 ₽;https://www.lamoda.ru/p/mp002xw0p3p7/clothes-milanika-kostyum/
Perles (Костюм вязаный );5 390 ₽;https://www.lamoda.ru/p/mp002xw14rue/clothes-perles-kostyum-vyazanyy/
99Colorspace (Костюм Дания);9 290 ₽;https://www.lamoda.ru/p/mp002xw0odof/clothes-99colorspace-kostyum/
Chic de Femme (Костюм );16 999;https://www.lamoda.ru/p/rtlacd818101/clothes-chicdefemme-kostyum/
Manera Odevatca (Костюм );12 500 ₽;https://www.lamoda.ru/p/mp002xw0oa3j/clothes-maneraodevatca-kostyum/
Milanika (Костюм );4 499 ₽;https://www.lamoda.ru/p/mp002xw0p3p2/clothes-milanika-kostyum/
TrendyAngel (Костюм );10 999 ₽;https://www.lamoda.ru/p/mp002xw127o5/clothes-trendyangel-kostyum/
Lolajumpper (Костюм );9 900;https://www.lamoda.ru/p/mp002xw0111d/clothes-lolajumpper-kostyum/
MaryTes (Костюм );7 160;https://www.lamoda.ru/p/mp002xw192h6/clothes-marytes-kostyum/
Indiano Natural (Костюм );5 950 ₽;https://www.lamoda.ru/p/mp002xw1cp6h/clothes-indianonatural-kostyum/
TrendyAngel (Костюм );10 999 ₽;https://www.lamoda.ru/p/mp002xw0pb7m/clothes-trendyangel-kostyum/
Odalia (Костюм );20 300 ₽;https://www.lamoda.ru/p/mp002xw0oeox/clothes-odalia-kostyum/
UnicoModa (Костюм );12 999;https://www.lamoda.ru/p/rtlacz627501/clothes-unicomoda-kostyum/
Naturel (Костюм );12 000;https://www.lamoda.ru/p/mp002xw0j669/clothes-naturel-kostyum/
To Be Blossom (Костюм );24 990;https://www.lamoda.ru/p/mp002xw0m74v/clothes-tobeblossom-kostyum/
Kivi Clothing (Костюм );6 800 ₽;https://www.lamoda.ru/p/mp002xw0fesd/clothes-kiviclothing-kostyum/
Milanika (Костюм );4 399 ₽;https://www.lamoda.ru/p/mp002xw0p3p5/clothes-milanika-kostyum/
Madlen (Костюм вязаный );16 900 ₽;https://www.lamoda.ru/p/mp002xw0otc5/clothes-madlen-kostyum-vyazanyy/
Noele Boutique (Костюм );14 490;https://www.lamoda.ru/p/mp002xw14r1g/clothes-noeleboutique-kostyum/
Tatika (Костюм );14 699 ₽;https://www.lamoda.ru/p/mp002xw0jdnm/clothes-tatika-kostyum/
D.S (Костюм );9 900;https://www.lamoda.ru/p/mp002xw0nrgh/clothes-ds-kostyum/
Evdokia (Костюм );18 390 ₽;https://www.lamoda.ru/p/mp002xw0dayj/clothes-evdokia-kostyum/
Emblem (Костюм Skirt & Top);5 400;https://www.lamoda.ru/p/mp002xw0tji1/clothes-emblem-kostyum/
Disfade (Костюм );12 499;https://www.lamoda.ru/p/rtladd413101/clothes-disfade-kostyum/
Theone by Svetlana Ermak (Костюм PRIME);31 500 ₽;https://www.lamoda.ru/p/mp002xw0pnp6/clothes-theonebysvetlanaermak-kostyum/
Chic de Femme (Костюм );16 999;https://www.lamoda.ru/p/rtlacd817801/clothes-chicdefemme-kostyum/
MaryTes (Костюм );4 920;https://www.lamoda.ru/p/mp002xw0yd1w/clothes-marytes-kostyum/
Theone by Svetlana Ermak (Костюм HOOD);36 000 ₽;https://www.lamoda.ru/p/mp002xw0pryl/clothes-theonebysvetlanaermak-kostyum/
Must Have Basis (Костюм );5 990;https://www.lamoda.ru/p/mp002xw0yjvp/clothes-musthavebasis-kostyum/
Odalia (Костюм );20 300 ₽;https://www.lamoda.ru/p/mp002xw0oeoz/clothes-odalia-kostyum/
Brandflame (Костюм );16 590 ₽;https://www.lamoda.ru/p/mp002xw0qsrf/clothes-brandflame-kostyum/
Viaville (Костюм );10 090;https://www.lamoda.ru/p/mp002xw0yx4w/clothes-viaville-kostyum/
Moxow (Костюм );6 900;https://www.lamoda.ru/p/mp002xw0onx0/clothes-moxow-kostyum/
Alisia Hit (Костюм );12 500;https://www.lamoda.ru/p/mp002xw0lvbz/clothes-alisiahit-kostyum/
Vivawool (Костюм );28 800;https://www.lamoda.ru/p/xd001xw00g5d/clothes-vivawool-kostyum/
To Be Blossom (Костюм );19 990;https://www.lamoda.ru/p/mp002xw0l7kq/clothes-tobeblossom-kostyum/
Alisia Hit (Костюм );12 500;https://www.lamoda.ru/p/mp002xw0mcvy/clothes-alisiahit-kostyum/
To Be Blossom (Костюм );18 990;https://www.lamoda.ru/p/mp002xw0kv3p/clothes-tobeblossom-kostyum/
Miss to Kiss (Костюм );9 900;https://www.lamoda.ru/p/mp002xw1cm89/clothes-misstokiss-kostyum/
Alisia Hit (Костюм );12 500;https://www.lamoda.ru/p/mp002xw0mcvs/clothes-alisiahit-kostyum/
Aaquamarina (Костюм );12 199;https://www.lamoda.ru/p/rtlacu986501/clothes-aaquamarina-kostyum/
Moona Store (Костюм );15 399;https://www.lamoda.ru/p/rtlacy701301/clothes-moonastore-kostyum/
To Be Blossom (Костюм );21 990;https://www.lamoda.ru/p/mp002xw0kh71/clothes-tobeblossom-kostyum/
Moki (Костюм );12 999;https://www.lamoda.ru/p/rtlacf611901/clothes-moki-kostyum/
Marselesa (Костюм );16 499;https://www.lamoda.ru/p/rtladb550801/clothes-marselesa-kostyum/
Abrazo (Костюм );4 900 ₽;https://www.lamoda.ru/p/mp002xw19vbi/clothes-abrazo-kostyum/
99Colorspace (Костюм Сатурн);9 890 ₽;https://www.lamoda.ru/p/mp002xw0odoq/clothes-99colorspace-kostyum/
Aaquamarina (Костюм );14 599;https://www.lamoda.ru/p/rtlacy443701/clothes-aaquamarina-kostyum/
Naturel (Костюм );10 000;https://www.lamoda.ru/p/mp002xw0j66b/clothes-naturel-kostyum/
Onze (Костюм );8 000;https://www.lamoda.ru/p/mp002xw0o972/clothes-onze-kostyum/
Onze (Костюм );8 000;https://www.lamoda.ru/p/mp002xw0aqb6/clothes-onze-kostyum/
Sei Unica (Костюм );12 799;https://www.lamoda.ru/p/rtladd247001/clothes-seiunica-kostyum/
La Via Estelar (Костюм Paulina);9 000 ₽;https://www.lamoda.ru/p/mp002xw0no7v/clothes-laviaestelar-kostyum/
Lulez (Костюм );10 000;https://www.lamoda.ru/p/mp002xw0xees/clothes-lulez-kostyum/
Moxow (Костюм );9 700;https://www.lamoda.ru/p/mp002xw0ontx/clothes-moxow-kostyum/
Lawwa (Костюм );16 099;https://www.lamoda.ru/p/rtlacy640601/clothes-lawwa-kostyum/
Moxow (Костюм );8 900;https://www.lamoda.ru/p/mp002xw0onvh/clothes-moxow-kostyum/
Naturel (Костюм );10 000;https://www.lamoda.ru/p/mp002xw0j66c/clothes-naturel-kostyum/
Pink Orange (Костюм );13 699;https://www.lamoda.ru/p/rtlacw704801/clothes-pinkorange-kostyum/
99Colorspace (Костюм Дания);9 290 ₽;https://www.lamoda.ru/p/mp002xw0odot/clothes-99colorspace-kostyum/
Vladi Collection (Костюм );15 900;https://www.lamoda.ru/p/mp002xw14pgx/clothes-vladicollection-kostyum/
D.S (Костюм );9 900;https://www.lamoda.ru/p/mp002xw0nrcz/clothes-ds-kostyum/
LeOtra (Костюм );16 799;https://www.lamoda.ru/p/rtlacy328701/clothes-leotra-kostyum/
Goldrai (Костюм );15 099;https://www.lamoda.ru/p/rtlacy342501/clothes-goldrai-kostyum/
Vivawool (Костюм );25 416;https://www.lamoda.ru/p/mp002xw1cnzq/clothes-vivawool-kostyum/
Katomi (Костюм );14 999;https://www.lamoda.ru/p/mp002xw0a1ar/clothes-katomi-kostyum/
To Be Blossom (Костюм вязаный );24 990 ₽;https://www.lamoda.ru/p/mp002xw0trsb/clothes-tobeblossom-kostyum-vyazanyy/
To Be Blossom (Костюм );24 990;https://www.lamoda.ru/p/mp002xw0m74x/clothes-tobeblossom-kostyum/
99Colorspace (Костюм Меридиан);15 100 ₽;https://www.lamoda.ru/p/mp002xw0oqz2/clothes-99colorspace-kostyum/
Madlen (Костюм );13 500 ₽;https://www.lamoda.ru/p/mp002xw0kq27/clothes-madlen-kostyum/
Indiano Natural (Костюм );5 950 ₽;https://www.lamoda.ru/p/mp002xw1cp75/clothes-indianonatural-kostyum/
To Be Blossom (Костюм вязаный );18 990;https://www.lamoda.ru/p/mp002xw0trs9/clothes-tobeblossom-kostyum-vyazanyy/
Odalia (Костюм );18 500 ₽;https://www.lamoda.ru/p/mp002xw0oeor/clothes-odalia-kostyum/
99Colorspace (Костюм );15 900 ₽;https://www.lamoda.ru/p/mp002xw0jf1i/clothes-99colorspace-kostyum/
Top Top (Костюм );12 990 ₽;https://www.lamoda.ru/p/mp002xw01ni8/clothes-toptop-kostyum/
Dansanti (Костюм );12 799;https://www.lamoda.ru/p/rtlacd812901/clothes-dansanti-kostyum/
Kivi Clothing (Костюм );6 800 ₽;https://www.lamoda.ru/p/mp002xw0fesc/clothes-kiviclothing-kostyum/
Noele Boutique (Костюм вязаный );14 490;https://www.lamoda.ru/p/mp002xw1a44l/clothes-noeleboutique-kostyum-vyazanyy/
To Be Blossom (Костюм );24 990;https://www.lamoda.ru/p/mp002xw0l36h/clothes-tobeblossom-kostyum/
99Colorspace (Костюм );10 390 ₽;https://www.lamoda.ru/p/mp002xw19uer/clothes-99colorspace-kostyum/
TrendyAngel (Костюм );9 999 ₽;https://www.lamoda.ru/p/mp002xw0oyqq/clothes-trendyangel-kostyum/
Fors (Костюм );12 990 ₽;https://www.lamoda.ru/p/mp002xw0jhy0/clothes-fors-kostyum/
Magica Bellezza (Костюм );7 490;https://www.lamoda.ru/p/mp002xw09yly/clothes-magicabellezza-kostyum/
Indiano Natural (Костюм );6 500 ₽;https://www.lamoda.ru/p/mp002xw1cp83/clothes-indianonatural-kostyum/
99Colorspace (Костюм Сатурн);9 890 ₽;https://www.lamoda.ru/p/mp002xw0odos/clothes-99colorspace-kostyum/
Manera Odevatca (Костюм );19 500 ₽;https://www.lamoda.ru/p/mp002xw0p1v4/clothes-maneraodevatca-kostyum/
Indiano Natural (Костюм );5 950 ₽;https://www.lamoda.ru/p/mp002xw1cp6w/clothes-indianonatural-kostyum/
TrendyAngel (Костюм );10 999 ₽;https://www.lamoda.ru/p/mp002xw127o3/clothes-trendyangel-kostyum/
99Colorspace (Костюм );15 900 ₽;https://www.lamoda.ru/p/mp002xw0jf2h/clothes-99colorspace-kostyum/
TrendyAngel (Костюм );9 999 ₽;https://www.lamoda.ru/p/mp002xw0oyqc/clothes-trendyangel-kostyum/
Manera Odevatca (Костюм );19 500 ₽;https://www.lamoda.ru/p/mp002xw0p1v2/clothes-maneraodevatca-kostyum/
Odalia (Костюм );17 800 ₽;https://www.lamoda.ru/p/mp002xw05oux/clothes-odalia-kostyum/
Perles (Костюм );5 890 ₽;https://www.lamoda.ru/p/mp002xw14ovh/clothes-perles-kostyum/
Perles (Костюм );5 890 ₽;https://www.lamoda.ru/p/mp002xw14ovg/clothes-perles-kostyum/
Fresh Cotton (Костюм );7 900 ₽;https://www.lamoda.ru/p/mp002xw19vgh/clothes-freshcotton-kostyum/
Odalia (Костюм );18 000 ₽;https://www.lamoda.ru/p/mp002xw0oepk/clothes-odalia-kostyum/
Tatyana Afanaskina (Костюм );13 990;https://www.lamoda.ru/p/mp002xw0oxd3/clothes-tatyanaafanaskina-kostyum/
99Colorspace (Костюм Сатурн);9 890 ₽;https://www.lamoda.ru/p/mp002xw0odom/clothes-99colorspace-kostyum/
Mama’s fantasy (Костюм );8 590;https://www.lamoda.ru/p/mp002xw0pfhj/clothes-mamasfantasy-kostyum/
Theone by Svetlana Ermak (Костюм HOOD);36 000 ₽;https://www.lamoda.ru/p/mp002xw0przq/clothes-theonebysvetlanaermak-kostyum/
Milanika (Костюм );3 899 ₽;https://www.lamoda.ru/p/mp002xw01yoh/clothes-milanika-kostyum/
Libellulas (Костюм );14 500 ₽;https://www.lamoda.ru/p/mp002xw0ykua/clothes-libellulas-kostyum/
D.S (Костюм );9 900;https://www.lamoda.ru/p/mp002xw0oswj/clothes-ds-kostyum/
Moxow (Костюм );6 900;https://www.lamoda.ru/p/mp002xw0onwt/clothes-moxow-kostyum/
Moxow (Костюм );6 900;https://www.lamoda.ru/p/mp002xw0onut/clothes-moxow-kostyum/
Aaquamarina (Костюм );15 799;https://www.lamoda.ru/p/rtlacc405501/clothes-aaquamarina-kostyum/
Milanika (Костюм );3 899 ₽;https://www.lamoda.ru/p/mp002xw0wyyr/clothes-milanika-kostyum/
Theone by Svetlana Ermak (Костюм Trio);44 985 ₽;https://www.lamoda.ru/p/mp002xw0przs/clothes-theonebysvetlanaermak-kostyum/
Lulez (Костюм );18 000;https://www.lamoda.ru/p/mp002xw0p0en/clothes-lulez-kostyum/
Lolajumpper (Костюм );9 990 ₽;https://www.lamoda.ru/p/mp002xw01117/clothes-lolajumpper-kostyum/
Fashion.Love.Story (Костюм );6 200;https://www.lamoda.ru/p/mp002xw02vho/clothes-fashionlovestory-kostyum/
To Be Blossom (Костюм );17 990;https://www.lamoda.ru/p/mp002xw0l7kk/clothes-tobeblossom-kostyum/
Bloom Story (Костюм );5 999;https://www.lamoda.ru/p/mp002xw0z2qb/clothes-bloomstory-kostyum/
Theone by Svetlana Ermak (Костюм Trio);44 985 ₽;https://www.lamoda.ru/p/mp002xw0prz7/clothes-theonebysvetlanaermak-kostyum/
Marselesa (Костюм );15 099;https://www.lamoda.ru/p/rtlacy647101/clothes-marselesa-kostyum/
Odalia (Костюм );18 500 ₽;https://www.lamoda.ru/p/mp002xw0oepg/clothes-odalia-kostyum/
Lulez (Костюм );14 000;https://www.lamoda.ru/p/mp002xw0xefj/clothes-lulez-kostyum/
Avemod (Костюм );9 100 ₽;https://www.lamoda.ru/p/mp002xw0jwej/clothes-avemod-kostyum/
Allegri (Костюм );15 199;https://www.lamoda.ru/p/rtlacz900501/clothes-allegri-kostyum/
Fragarika (Костюм );13 999;https://www.lamoda.ru/p/rtlade905701/clothes-fragarika-kostyum/
Theone by Svetlana Ermak (Костюм Trio);44 985 ₽;https://www.lamoda.ru/p/mp002xw0przu/clothes-theonebysvetlanaermak-kostyum/
Lakressi (Костюм );13 999;https://www.lamoda.ru/p/rtlacz685601/clothes-lakressi-kostyum/
La Via Estelar (Костюм );4 960 ₽;https://www.lamoda.ru/p/mp002xw00ru2/clothes-laviaestelar-kostyum/
Argent (Костюм );12 859;https://www.lamoda.ru/p/mp002xw09sqe/clothes-argent-kostyum/
99Colorspace (Костюм );10 390 ₽;https://www.lamoda.ru/p/mp002xw19uev/clothes-99colorspace-kostyum/
Ksi Ksi (Костюм );14 800 ₽;https://www.lamoda.ru/p/mp002xw0ylkb/clothes-ksiksi-kostyum/
Minaku (Костюм );7 899;https://www.lamoda.ru/p/mp002xw0x74o/clothes-minaku-kostyum/
Marselesa (Костюм );13 699;https://www.lamoda.ru/p/rtlabw866501/clothes-marselesa-kostyum/
Naturel (Костюм );12 000;https://www.lamoda.ru/p/mp002xw0j668/clothes-naturel-kostyum/
Manera Odevatca (Костюм );20 500 ₽;https://www.lamoda.ru/p/mp002xw0lims/clothes-maneraodevatca-kostyum/
Arshenova (Костюм );13 890 ₽;https://www.lamoda.ru/p/mp002xw14c35/clothes-arshenova-kostyum/
Ksi Ksi (Костюм вязаный ЛОГО);24 400 ₽;https://www.lamoda.ru/p/mp002xw1c9y7/clothes-ksiksi-kostyum-vyazanyy/
To Be Blossom (Костюм );17 990;https://www.lamoda.ru/p/mp002xw0l36g/clothes-tobeblossom-kostyum/
Lakressi (Костюм );15 099;https://www.lamoda.ru/p/rtlacv627501/clothes-lakressi-kostyum/
Bloom Story (Костюм );5 999;https://www.lamoda.ru/p/mp002xw0z2q8/clothes-bloomstory-kostyum/
Theone by Svetlana Ermak (Костюм HOOD);36 600 ₽;https://www.lamoda.ru/p/mp002xw0przd/clothes-theonebysvetlanaermak-kostyum/
Allegri (Костюм );15 199;https://www.lamoda.ru/p/rtlacz900601/clothes-allegri-kostyum/
Moxow (Костюм );9 700;https://www.lamoda.ru/p/mp002xw0ontn/clothes-moxow-kostyum/
Diverius (Костюм );13 999;https://www.lamoda.ru/p/rtlade595501/clothes-diverius-kostyum/
To Be Blossom (Костюм );15 990;https://www.lamoda.ru/p/mp002xw0ldbn/clothes-tobeblossom-kostyum/
Tatyana Afanaskina (Костюм );13 990;https://www.lamoda.ru/p/mp002xw0oxcv/clothes-tatyanaafanaskina-kostyum/
Milanika (Костюм );3 899 ₽;https://www.lamoda.ru/p/mp002xw0x5hu/clothes-milanika-kostyum/
Milanika (Костюм );3 899 ₽;https://www.lamoda.ru/p/mp002xw0ww7q/clothes-milanika-kostyum/
Marsena (Костюм );9 499;https://www.lamoda.ru/p/rtladc082501/clothes-marsena-kostyum/
99Colorspace (Костюм Джемми);10 390 ₽;https://www.lamoda.ru/p/mp002xw0od6k/clothes-99colorspace-kostyum/
Aaquamarina (Костюм );11 599;https://www.lamoda.ru/p/rtlacw618401/clothes-aaquamarina-kostyum/
TrendyAngel (Костюм );13 199;https://www.lamoda.ru/p/rtlabp160101/clothes-trendyangel-kostyum/
Commo (Костюм Harry);15 000;https://www.lamoda.ru/p/mp002xw015zt/clothes-commo-kostyum/
Fors (Костюм );12 990 ₽;https://www.lamoda.ru/p/mp002xw0bzxv/clothes-fors-kostyum/
La selva (Костюм );7 000;https://www.lamoda.ru/p/mp002xw0qag2/clothes-laselva-kostyum/
Alisia Hit (Костюм );12 500;https://www.lamoda.ru/p/mp002xw0mcvv/clothes-alisiahit-kostyum/
Allegri (Костюм );15 199;https://www.lamoda.ru/p/rtlacz900701/clothes-allegri-kostyum/
Tatika (Костюм );14 790 ₽;https://www.lamoda.ru/p/mp002xw0l6bi/clothes-tatika-kostyum/
La Via Estelar (Костюм );6 200;https://www.lamoda.ru/p/mp002xw00rx4/clothes-laviaestelar-kostyum/
Minaku (Костюм );10 800;https://www.lamoda.ru/p/mp002xw0d4q5/clothes-minaku-kostyum/
Noele Boutique (Костюм вязаный );14 490;https://www.lamoda.ru/p/mp002xw1a44m/clothes-noeleboutique-kostyum-vyazanyy/
Mon-Kartis (Костюм );15 599;https://www.lamoda.ru/p/rtlade042001/clothes-monkartis-kostyum/
Diverius (Костюм );13 699;https://www.lamoda.ru/p/rtlacm353701/clothes-diverius-kostyum/
Lulez (Костюм );14 000;https://www.lamoda.ru/p/mp002xw0xefg/clothes-lulez-kostyum/
Mark Formelle (Костюм );4 799;https://www.lamoda.ru/p/mp002xw0jywj/clothes-markformelle-kostyum/
Lawwa (Костюм );16 099;https://www.lamoda.ru/p/rtlacy640701/clothes-lawwa-kostyum/
Alisia Hit (Костюм );12 500;https://www.lamoda.ru/p/mp002xw0mcvw/clothes-alisiahit-kostyum/
MaryTes (Костюм );7 160;https://www.lamoda.ru/p/mp002xw192h4/clothes-marytes-kostyum/
Diverius (Костюм );13 999;https://www.lamoda.ru/p/rtlade595401/clothes-diverius-kostyum/
Odalia (Костюм );15 600;https://www.lamoda.ru/p/mp002xw0oepp/clothes-odalia-kostyum/
Naturel (Костюм );12 000;https://www.lamoda.ru/p/mp002xw0j66a/clothes-naturel-kostyum/
Voluminous (Костюм SALEM);14 600 ₽;https://www.lamoda.ru/p/mp002xw0euzj/clothes-volumnous-kostyum/
Brandflame (Костюм );16 590 ₽;https://www.lamoda.ru/p/mp002xw0qsrn/clothes-brandflame-kostyum/
Ksi Ksi (Костюм );14 800 ₽;https://www.lamoda.ru/p/mp002xw0ylkg/clothes-ksiksi-kostyum/
TrendyAngel (Костюм );14 999;https://www.lamoda.ru/p/rtlacz630001/clothes-trendyangel-kostyum/
Lenavi (Костюм );12 999;https://www.lamoda.ru/p/rtlace624901/clothes-lenavi-kostyum/
To Be Blossom (Костюм );20 990;https://www.lamoda.ru/p/mp002xw0ldbv/clothes-tobeblossom-kostyum/
Manera Odevatca (Костюм вязаный );22 300;https://www.lamoda.ru/p/mp002xw0gir1/clothes-maneraodevatca-kostyum-vyazanyy/
To Be Blossom (Костюм );18 990;https://www.lamoda.ru/p/mp002xw15mtm/clothes-tobeblossom-kostyum/
Aaquamarina (Костюм );17 499;https://www.lamoda.ru/p/rtlacw991701/clothes-aaquamarina-kostyum/
Indiano Natural (Костюм );5 950 ₽;https://www.lamoda.ru/p/mp002xw1cp6k/clothes-indianonatural-kostyum/
99Colorspace (Костюм );10 390 ₽;https://www.lamoda.ru/p/mp002xw19ues/clothes-99colorspace-kostyum/
Diverius (Костюм );13 999;https://www.lamoda.ru/p/rtlade595101/clothes-diverius-kostyum/
thAvenue (Костюм );12 199;https://www.lamoda.ru/p/mp002xw0llnl/clothes-thavenue-kostyum/
Odalia (Костюм );9 800;https://www.lamoda.ru/p/mp002xw0oepe/clothes-odalia-kostyum/
Ksi Ksi (Костюм );8 800 ₽;https://www.lamoda.ru/p/mp002xw157d9/clothes-ksiksi-kostyum/
Ksi Ksi (Костюм );22 500 ₽;https://www.lamoda.ru/p/mp002xw0l75z/clothes-ksiksi-kostyum/
